n,core,state,class,tier,role,element,latches,full_codes,reading
1,P0r-0,patrol,idle,calm,rifleman,none,,105,Rifleman walking its patrol ring.
2,P0r-4,patrol,idle,calm,rifleman,none,held-in-place,105,Rifleman walking its patrol ring [held-in-place latched].
3,P0r-G,patrol,idle,calm,rifleman,none,sight-grace,105,Rifleman walking its patrol ring [sight-grace latched].
4,P0r-K,patrol,idle,calm,rifleman,none,held-in-place+sight-grace,105,Rifleman walking its patrol ring [held-in-place+sight-grace latched].
5,P0m-0,patrol,idle,calm,medic,none,,350,Medic walking its patrol ring.
6,P0m-4,patrol,idle,calm,medic,none,held-in-place,350,Medic walking its patrol ring [held-in-place latched].
7,P0m-G,patrol,idle,calm,medic,none,sight-grace,350,Medic walking its patrol ring [sight-grace latched].
8,P0m-K,patrol,idle,calm,medic,none,held-in-place+sight-grace,350,Medic walking its patrol ring [held-in-place+sight-grace latched].
9,P1r-0,patrol,idle,near-miss,rifleman,none,,105,"Rifleman walking its patrol ring, after a round whistled past."
10,P1r-4,patrol,idle,near-miss,rifleman,none,held-in-place,105,"Rifleman walking its patrol ring, after a round whistled past [held-in-place latched]."
11,P1r-G,patrol,idle,near-miss,rifleman,none,sight-grace,105,"Rifleman walking its patrol ring, after a round whistled past [sight-grace latched]."
12,P1r-K,patrol,idle,near-miss,rifleman,none,held-in-place+sight-grace,105,"Rifleman walking its patrol ring, after a round whistled past [held-in-place+sight-grace latched]."
13,P1m-0,patrol,idle,near-miss,medic,none,,350,"Medic walking its patrol ring, after a round whistled past."
14,P1m-4,patrol,idle,near-miss,medic,none,held-in-place,350,"Medic walking its patrol ring, after a round whistled past [held-in-place latched]."
15,P1m-G,patrol,idle,near-miss,medic,none,sight-grace,350,"Medic walking its patrol ring, after a round whistled past [sight-grace latched]."
16,P1m-K,patrol,idle,near-miss,medic,none,held-in-place+sight-grace,350,"Medic walking its patrol ring, after a round whistled past [held-in-place+sight-grace latched]."
17,P2r-0,patrol,idle,wary,rifleman,none,,210,"Rifleman walking its patrol ring, on a fresh wary call-out."
18,P2r-4,patrol,idle,wary,rifleman,none,held-in-place,210,"Rifleman walking its patrol ring, on a fresh wary call-out [held-in-place latched]."
19,P2r-G,patrol,idle,wary,rifleman,none,sight-grace,210,"Rifleman walking its patrol ring, on a fresh wary call-out [sight-grace latched]."
20,P2r-K,patrol,idle,wary,rifleman,none,held-in-place+sight-grace,210,"Rifleman walking its patrol ring, on a fresh wary call-out [held-in-place+sight-grace latched]."
21,P2m-0,patrol,idle,wary,medic,none,,700,"Medic walking its patrol ring, on a fresh wary call-out."
22,P2m-4,patrol,idle,wary,medic,none,held-in-place,700,"Medic walking its patrol ring, on a fresh wary call-out [held-in-place latched]."
23,P2m-G,patrol,idle,wary,medic,none,sight-grace,700,"Medic walking its patrol ring, on a fresh wary call-out [sight-grace latched]."
24,P2m-K,patrol,idle,wary,medic,none,held-in-place+sight-grace,700,"Medic walking its patrol ring, on a fresh wary call-out [held-in-place+sight-grace latched]."
25,P3r-0,patrol,idle,defensive,rifleman,none,,840,"Rifleman walking its patrol ring, under a defensive squad alert."
26,P3r-4,patrol,idle,defensive,rifleman,none,held-in-place,840,"Rifleman walking its patrol ring, under a defensive squad alert [held-in-place latched]."
27,P3r-G,patrol,idle,defensive,rifleman,none,sight-grace,840,"Rifleman walking its patrol ring, under a defensive squad alert [sight-grace latched]."
28,P3r-K,patrol,idle,defensive,rifleman,none,held-in-place+sight-grace,840,"Rifleman walking its patrol ring, under a defensive squad alert [held-in-place+sight-grace latched]."
29,P3m-0,patrol,idle,defensive,medic,none,,2800,"Medic walking its patrol ring, under a defensive squad alert."
30,P3m-4,patrol,idle,defensive,medic,none,held-in-place,2800,"Medic walking its patrol ring, under a defensive squad alert [held-in-place latched]."
31,P3m-G,patrol,idle,defensive,medic,none,sight-grace,2800,"Medic walking its patrol ring, under a defensive squad alert [sight-grace latched]."
32,P3m-K,patrol,idle,defensive,medic,none,held-in-place+sight-grace,2800,"Medic walking its patrol ring, under a defensive squad alert [held-in-place+sight-grace latched]."
33,P4rb0,patrol,idle,push,rifleman,base-of-fire,,630,"Rifleman walking its patrol ring, in a squad push as the base-of-fire element."
34,P4rb4,patrol,idle,push,rifleman,base-of-fire,held-in-place,630,"Rifleman walking its patrol ring, in a squad push as the base-of-fire element [held-in-place latched]."
35,P4rbG,patrol,idle,push,rifleman,base-of-fire,sight-grace,630,"Rifleman walking its patrol ring, in a squad push as the base-of-fire element [sight-grace latched]."
36,P4rbK,patrol,idle,push,rifleman,base-of-fire,held-in-place+sight-grace,630,"Rifleman walking its patrol ring, in a squad push as the base-of-fire element [held-in-place+sight-grace latched]."
37,P4rm0,patrol,idle,push,rifleman,moving,,630,"Rifleman walking its patrol ring, in a squad push as the moving element."
38,P4rm4,patrol,idle,push,rifleman,moving,held-in-place,630,"Rifleman walking its patrol ring, in a squad push as the moving element [held-in-place latched]."
39,P4rmG,patrol,idle,push,rifleman,moving,sight-grace,630,"Rifleman walking its patrol ring, in a squad push as the moving element [sight-grace latched]."
40,P4rmK,patrol,idle,push,rifleman,moving,held-in-place+sight-grace,630,"Rifleman walking its patrol ring, in a squad push as the moving element [held-in-place+sight-grace latched]."
41,P4mb0,patrol,idle,push,medic,base-of-fire,,2100,"Medic walking its patrol ring, in a squad push as the base-of-fire element."
42,P4mb4,patrol,idle,push,medic,base-of-fire,held-in-place,2100,"Medic walking its patrol ring, in a squad push as the base-of-fire element [held-in-place latched]."
43,P4mbG,patrol,idle,push,medic,base-of-fire,sight-grace,2100,"Medic walking its patrol ring, in a squad push as the base-of-fire element [sight-grace latched]."
44,P4mbK,patrol,idle,push,medic,base-of-fire,held-in-place+sight-grace,2100,"Medic walking its patrol ring, in a squad push as the base-of-fire element [held-in-place+sight-grace latched]."
45,P4mm0,patrol,idle,push,medic,moving,,2100,"Medic walking its patrol ring, in a squad push as the moving element."
46,P4mm4,patrol,idle,push,medic,moving,held-in-place,2100,"Medic walking its patrol ring, in a squad push as the moving element [held-in-place latched]."
47,P4mmG,patrol,idle,push,medic,moving,sight-grace,2100,"Medic walking its patrol ring, in a squad push as the moving element [sight-grace latched]."
48,P4mmK,patrol,idle,push,medic,moving,held-in-place+sight-grace,2100,"Medic walking its patrol ring, in a squad push as the moving element [held-in-place+sight-grace latched]."
49,S0r-0,seek,search,calm,rifleman,none,,105,Rifleman moving on a last-known position.
50,S0r-4,seek,search,calm,rifleman,none,held-in-place,105,Rifleman moving on a last-known position [held-in-place latched].
51,S0r-G,seek,search,calm,rifleman,none,sight-grace,105,Rifleman moving on a last-known position [sight-grace latched].
52,S0r-K,seek,search,calm,rifleman,none,held-in-place+sight-grace,105,Rifleman moving on a last-known position [held-in-place+sight-grace latched].
53,S0m-0,seek,search,calm,medic,none,,350,Medic moving on a last-known position.
54,S0m-4,seek,search,calm,medic,none,held-in-place,350,Medic moving on a last-known position [held-in-place latched].
55,S0m-G,seek,search,calm,medic,none,sight-grace,350,Medic moving on a last-known position [sight-grace latched].
56,S0m-K,seek,search,calm,medic,none,held-in-place+sight-grace,350,Medic moving on a last-known position [held-in-place+sight-grace latched].
57,S1r-0,seek,search,near-miss,rifleman,none,,105,"Rifleman moving on a last-known position, after a round whistled past."
58,S1r-4,seek,search,near-miss,rifleman,none,held-in-place,105,"Rifleman moving on a last-known position, after a round whistled past [held-in-place latched]."
59,S1r-G,seek,search,near-miss,rifleman,none,sight-grace,105,"Rifleman moving on a last-known position, after a round whistled past [sight-grace latched]."
60,S1r-K,seek,search,near-miss,rifleman,none,held-in-place+sight-grace,105,"Rifleman moving on a last-known position, after a round whistled past [held-in-place+sight-grace latched]."
61,S1m-0,seek,search,near-miss,medic,none,,350,"Medic moving on a last-known position, after a round whistled past."
62,S1m-4,seek,search,near-miss,medic,none,held-in-place,350,"Medic moving on a last-known position, after a round whistled past [held-in-place latched]."
63,S1m-G,seek,search,near-miss,medic,none,sight-grace,350,"Medic moving on a last-known position, after a round whistled past [sight-grace latched]."
64,S1m-K,seek,search,near-miss,medic,none,held-in-place+sight-grace,350,"Medic moving on a last-known position, after a round whistled past [held-in-place+sight-grace latched]."
65,S2r-0,seek,search,wary,rifleman,none,,210,"Rifleman moving on a last-known position, on a fresh wary call-out."
66,S2r-4,seek,search,wary,rifleman,none,held-in-place,210,"Rifleman moving on a last-known position, on a fresh wary call-out [held-in-place latched]."
67,S2r-G,seek,search,wary,rifleman,none,sight-grace,210,"Rifleman moving on a last-known position, on a fresh wary call-out [sight-grace latched]."
68,S2r-K,seek,search,wary,rifleman,none,held-in-place+sight-grace,210,"Rifleman moving on a last-known position, on a fresh wary call-out [held-in-place+sight-grace latched]."
69,S2m-0,seek,search,wary,medic,none,,700,"Medic moving on a last-known position, on a fresh wary call-out."
70,S2m-4,seek,search,wary,medic,none,held-in-place,700,"Medic moving on a last-known position, on a fresh wary call-out [held-in-place latched]."
71,S2m-G,seek,search,wary,medic,none,sight-grace,700,"Medic moving on a last-known position, on a fresh wary call-out [sight-grace latched]."
72,S2m-K,seek,search,wary,medic,none,held-in-place+sight-grace,700,"Medic moving on a last-known position, on a fresh wary call-out [held-in-place+sight-grace latched]."
73,S3r-0,seek,search,defensive,rifleman,none,,840,"Rifleman moving on a last-known position, under a defensive squad alert."
74,S3r-4,seek,search,defensive,rifleman,none,held-in-place,840,"Rifleman moving on a last-known position, under a defensive squad alert [held-in-place latched]."
75,S3r-G,seek,search,defensive,rifleman,none,sight-grace,840,"Rifleman moving on a last-known position, under a defensive squad alert [sight-grace latched]."
76,S3r-K,seek,search,defensive,rifleman,none,held-in-place+sight-grace,840,"Rifleman moving on a last-known position, under a defensive squad alert [held-in-place+sight-grace latched]."
77,S3m-0,seek,search,defensive,medic,none,,2800,"Medic moving on a last-known position, under a defensive squad alert."
78,S3m-4,seek,search,defensive,medic,none,held-in-place,2800,"Medic moving on a last-known position, under a defensive squad alert [held-in-place latched]."
79,S3m-G,seek,search,defensive,medic,none,sight-grace,2800,"Medic moving on a last-known position, under a defensive squad alert [sight-grace latched]."
80,S3m-K,seek,search,defensive,medic,none,held-in-place+sight-grace,2800,"Medic moving on a last-known position, under a defensive squad alert [held-in-place+sight-grace latched]."
81,S4rb0,seek,search,push,rifleman,base-of-fire,,630,"Rifleman moving on a last-known position, in a squad push as the base-of-fire element."
82,S4rb4,seek,search,push,rifleman,base-of-fire,held-in-place,630,"Rifleman moving on a last-known position, in a squad push as the base-of-fire element [held-in-place latched]."
83,S4rbG,seek,search,push,rifleman,base-of-fire,sight-grace,630,"Rifleman moving on a last-known position, in a squad push as the base-of-fire element [sight-grace latched]."
84,S4rbK,seek,search,push,rifleman,base-of-fire,held-in-place+sight-grace,630,"Rifleman moving on a last-known position, in a squad push as the base-of-fire element [held-in-place+sight-grace latched]."
85,S4rm0,seek,search,push,rifleman,moving,,630,"Rifleman moving on a last-known position, in a squad push as the moving element."
86,S4rm4,seek,search,push,rifleman,moving,held-in-place,630,"Rifleman moving on a last-known position, in a squad push as the moving element [held-in-place latched]."
87,S4rmG,seek,search,push,rifleman,moving,sight-grace,630,"Rifleman moving on a last-known position, in a squad push as the moving element [sight-grace latched]."
88,S4rmK,seek,search,push,rifleman,moving,held-in-place+sight-grace,630,"Rifleman moving on a last-known position, in a squad push as the moving element [held-in-place+sight-grace latched]."
89,S4mb0,seek,search,push,medic,base-of-fire,,2100,"Medic moving on a last-known position, in a squad push as the base-of-fire element."
90,S4mb4,seek,search,push,medic,base-of-fire,held-in-place,2100,"Medic moving on a last-known position, in a squad push as the base-of-fire element [held-in-place latched]."
91,S4mbG,seek,search,push,medic,base-of-fire,sight-grace,2100,"Medic moving on a last-known position, in a squad push as the base-of-fire element [sight-grace latched]."
92,S4mbK,seek,search,push,medic,base-of-fire,held-in-place+sight-grace,2100,"Medic moving on a last-known position, in a squad push as the base-of-fire element [held-in-place+sight-grace latched]."
93,S4mm0,seek,search,push,medic,moving,,2100,"Medic moving on a last-known position, in a squad push as the moving element."
94,S4mm4,seek,search,push,medic,moving,held-in-place,2100,"Medic moving on a last-known position, in a squad push as the moving element [held-in-place latched]."
95,S4mmG,seek,search,push,medic,moving,sight-grace,2100,"Medic moving on a last-known position, in a squad push as the moving element [sight-grace latched]."
96,S4mmK,seek,search,push,medic,moving,held-in-place+sight-grace,2100,"Medic moving on a last-known position, in a squad push as the moving element [held-in-place+sight-grace latched]."
97,U0r-0,pursue,engage,calm,rifleman,none,,105,Rifleman closing on a visible target.
98,U0r-4,pursue,engage,calm,rifleman,none,held-in-place,105,Rifleman closing on a visible target [held-in-place latched].
99,U0r-G,pursue,engage,calm,rifleman,none,sight-grace,105,Rifleman closing on a visible target [sight-grace latched].
100,U0r-K,pursue,engage,calm,rifleman,none,held-in-place+sight-grace,105,Rifleman closing on a visible target [held-in-place+sight-grace latched].
101,U0m-0,pursue,engage,calm,medic,none,,350,Medic closing on a visible target.
102,U0m-4,pursue,engage,calm,medic,none,held-in-place,350,Medic closing on a visible target [held-in-place latched].
103,U0m-G,pursue,engage,calm,medic,none,sight-grace,350,Medic closing on a visible target [sight-grace latched].
104,U0m-K,pursue,engage,calm,medic,none,held-in-place+sight-grace,350,Medic closing on a visible target [held-in-place+sight-grace latched].
105,U1r-0,pursue,engage,near-miss,rifleman,none,,105,"Rifleman closing on a visible target, after a round whistled past."
106,U1r-4,pursue,engage,near-miss,rifleman,none,held-in-place,105,"Rifleman closing on a visible target, after a round whistled past [held-in-place latched]."
107,U1r-G,pursue,engage,near-miss,rifleman,none,sight-grace,105,"Rifleman closing on a visible target, after a round whistled past [sight-grace latched]."
108,U1r-K,pursue,engage,near-miss,rifleman,none,held-in-place+sight-grace,105,"Rifleman closing on a visible target, after a round whistled past [held-in-place+sight-grace latched]."
109,U1m-0,pursue,engage,near-miss,medic,none,,350,"Medic closing on a visible target, after a round whistled past."
110,U1m-4,pursue,engage,near-miss,medic,none,held-in-place,350,"Medic closing on a visible target, after a round whistled past [held-in-place latched]."
111,U1m-G,pursue,engage,near-miss,medic,none,sight-grace,350,"Medic closing on a visible target, after a round whistled past [sight-grace latched]."
112,U1m-K,pursue,engage,near-miss,medic,none,held-in-place+sight-grace,350,"Medic closing on a visible target, after a round whistled past [held-in-place+sight-grace latched]."
113,U2r-0,pursue,engage,wary,rifleman,none,,210,"Rifleman closing on a visible target, on a fresh wary call-out."
114,U2r-4,pursue,engage,wary,rifleman,none,held-in-place,210,"Rifleman closing on a visible target, on a fresh wary call-out [held-in-place latched]."
115,U2r-G,pursue,engage,wary,rifleman,none,sight-grace,210,"Rifleman closing on a visible target, on a fresh wary call-out [sight-grace latched]."
116,U2r-K,pursue,engage,wary,rifleman,none,held-in-place+sight-grace,210,"Rifleman closing on a visible target, on a fresh wary call-out [held-in-place+sight-grace latched]."
117,U2m-0,pursue,engage,wary,medic,none,,700,"Medic closing on a visible target, on a fresh wary call-out."
118,U2m-4,pursue,engage,wary,medic,none,held-in-place,700,"Medic closing on a visible target, on a fresh wary call-out [held-in-place latched]."
119,U2m-G,pursue,engage,wary,medic,none,sight-grace,700,"Medic closing on a visible target, on a fresh wary call-out [sight-grace latched]."
120,U2m-K,pursue,engage,wary,medic,none,held-in-place+sight-grace,700,"Medic closing on a visible target, on a fresh wary call-out [held-in-place+sight-grace latched]."
121,U3r-0,pursue,engage,defensive,rifleman,none,,840,"Rifleman closing on a visible target, under a defensive squad alert."
122,U3r-4,pursue,engage,defensive,rifleman,none,held-in-place,840,"Rifleman closing on a visible target, under a defensive squad alert [held-in-place latched]."
123,U3r-G,pursue,engage,defensive,rifleman,none,sight-grace,840,"Rifleman closing on a visible target, under a defensive squad alert [sight-grace latched]."
124,U3r-K,pursue,engage,defensive,rifleman,none,held-in-place+sight-grace,840,"Rifleman closing on a visible target, under a defensive squad alert [held-in-place+sight-grace latched]."
125,U3m-0,pursue,engage,defensive,medic,none,,2800,"Medic closing on a visible target, under a defensive squad alert."
126,U3m-4,pursue,engage,defensive,medic,none,held-in-place,2800,"Medic closing on a visible target, under a defensive squad alert [held-in-place latched]."
127,U3m-G,pursue,engage,defensive,medic,none,sight-grace,2800,"Medic closing on a visible target, under a defensive squad alert [sight-grace latched]."
128,U3m-K,pursue,engage,defensive,medic,none,held-in-place+sight-grace,2800,"Medic closing on a visible target, under a defensive squad alert [held-in-place+sight-grace latched]."
129,U4rb0,pursue,engage,push,rifleman,base-of-fire,,630,"Rifleman closing on a visible target, in a squad push as the base-of-fire element."
130,U4rb4,pursue,engage,push,rifleman,base-of-fire,held-in-place,630,"Rifleman closing on a visible target, in a squad push as the base-of-fire element [held-in-place latched]."
131,U4rbG,pursue,engage,push,rifleman,base-of-fire,sight-grace,630,"Rifleman closing on a visible target, in a squad push as the base-of-fire element [sight-grace latched]."
132,U4rbK,pursue,engage,push,rifleman,base-of-fire,held-in-place+sight-grace,630,"Rifleman closing on a visible target, in a squad push as the base-of-fire element [held-in-place+sight-grace latched]."
133,U4rm0,pursue,engage,push,rifleman,moving,,630,"Rifleman closing on a visible target, in a squad push as the moving element."
134,U4rm4,pursue,engage,push,rifleman,moving,held-in-place,630,"Rifleman closing on a visible target, in a squad push as the moving element [held-in-place latched]."
135,U4rmG,pursue,engage,push,rifleman,moving,sight-grace,630,"Rifleman closing on a visible target, in a squad push as the moving element [sight-grace latched]."
136,U4rmK,pursue,engage,push,rifleman,moving,held-in-place+sight-grace,630,"Rifleman closing on a visible target, in a squad push as the moving element [held-in-place+sight-grace latched]."
137,U4mb0,pursue,engage,push,medic,base-of-fire,,2100,"Medic closing on a visible target, in a squad push as the base-of-fire element."
138,U4mb4,pursue,engage,push,medic,base-of-fire,held-in-place,2100,"Medic closing on a visible target, in a squad push as the base-of-fire element [held-in-place latched]."
139,U4mbG,pursue,engage,push,medic,base-of-fire,sight-grace,2100,"Medic closing on a visible target, in a squad push as the base-of-fire element [sight-grace latched]."
140,U4mbK,pursue,engage,push,medic,base-of-fire,held-in-place+sight-grace,2100,"Medic closing on a visible target, in a squad push as the base-of-fire element [held-in-place+sight-grace latched]."
141,U4mm0,pursue,engage,push,medic,moving,,2100,"Medic closing on a visible target, in a squad push as the moving element."
142,U4mm4,pursue,engage,push,medic,moving,held-in-place,2100,"Medic closing on a visible target, in a squad push as the moving element [held-in-place latched]."
143,U4mmG,pursue,engage,push,medic,moving,sight-grace,2100,"Medic closing on a visible target, in a squad push as the moving element [sight-grace latched]."
144,U4mmK,pursue,engage,push,medic,moving,held-in-place+sight-grace,2100,"Medic closing on a visible target, in a squad push as the moving element [held-in-place+sight-grace latched]."
145,E0r-0,flee,survive,calm,rifleman,none,,105,Rifleman retreating.
146,E0r-1,flee,survive,calm,rifleman,none,flee,105,Rifleman retreating [flee latched].
147,E0r-8,flee,survive,calm,rifleman,none,heal-flee,105,Rifleman retreating [heal-flee latched].
148,E0r-9,flee,survive,calm,rifleman,none,flee+heal-flee,105,Rifleman retreating [flee+heal-flee latched].
149,E0r-G,flee,survive,calm,rifleman,none,sight-grace,105,Rifleman retreating [sight-grace latched].
150,E0r-H,flee,survive,calm,rifleman,none,flee+sight-grace,105,Rifleman retreating [flee+sight-grace latched].
151,E0r-O,flee,survive,calm,rifleman,none,heal-flee+sight-grace,105,Rifleman retreating [heal-flee+sight-grace latched].
152,E0r-P,flee,survive,calm,rifleman,none,flee+heal-flee+sight-grace,105,Rifleman retreating [flee+heal-flee+sight-grace latched].
153,E0m-0,flee,survive,calm,medic,none,,350,Medic retreating.
154,E0m-1,flee,survive,calm,medic,none,flee,350,Medic retreating [flee latched].
155,E0m-8,flee,survive,calm,medic,none,heal-flee,350,Medic retreating [heal-flee latched].
156,E0m-9,flee,survive,calm,medic,none,flee+heal-flee,350,Medic retreating [flee+heal-flee latched].
157,E0m-G,flee,survive,calm,medic,none,sight-grace,350,Medic retreating [sight-grace latched].
158,E0m-H,flee,survive,calm,medic,none,flee+sight-grace,350,Medic retreating [flee+sight-grace latched].
159,E0m-O,flee,survive,calm,medic,none,heal-flee+sight-grace,350,Medic retreating [heal-flee+sight-grace latched].
160,E0m-P,flee,survive,calm,medic,none,flee+heal-flee+sight-grace,350,Medic retreating [flee+heal-flee+sight-grace latched].
161,E1r-0,flee,survive,near-miss,rifleman,none,,105,"Rifleman retreating, after a round whistled past."
162,E1r-1,flee,survive,near-miss,rifleman,none,flee,105,"Rifleman retreating, after a round whistled past [flee latched]."
163,E1r-8,flee,survive,near-miss,rifleman,none,heal-flee,105,"Rifleman retreating, after a round whistled past [heal-flee latched]."
164,E1r-9,flee,survive,near-miss,rifleman,none,flee+heal-flee,105,"Rifleman retreating, after a round whistled past [flee+heal-flee latched]."
165,E1r-G,flee,survive,near-miss,rifleman,none,sight-grace,105,"Rifleman retreating, after a round whistled past [sight-grace latched]."
166,E1r-H,flee,survive,near-miss,rifleman,none,flee+sight-grace,105,"Rifleman retreating, after a round whistled past [flee+sight-grace latched]."
167,E1r-O,flee,survive,near-miss,rifleman,none,heal-flee+sight-grace,105,"Rifleman retreating, after a round whistled past [heal-flee+sight-grace latched]."
168,E1r-P,flee,survive,near-miss,rifleman,none,flee+heal-flee+sight-grace,105,"Rifleman retreating, after a round whistled past [flee+heal-flee+sight-grace latched]."
169,E1m-0,flee,survive,near-miss,medic,none,,350,"Medic retreating, after a round whistled past."
170,E1m-1,flee,survive,near-miss,medic,none,flee,350,"Medic retreating, after a round whistled past [flee latched]."
171,E1m-8,flee,survive,near-miss,medic,none,heal-flee,350,"Medic retreating, after a round whistled past [heal-flee latched]."
172,E1m-9,flee,survive,near-miss,medic,none,flee+heal-flee,350,"Medic retreating, after a round whistled past [flee+heal-flee latched]."
173,E1m-G,flee,survive,near-miss,medic,none,sight-grace,350,"Medic retreating, after a round whistled past [sight-grace latched]."
174,E1m-H,flee,survive,near-miss,medic,none,flee+sight-grace,350,"Medic retreating, after a round whistled past [flee+sight-grace latched]."
175,E1m-O,flee,survive,near-miss,medic,none,heal-flee+sight-grace,350,"Medic retreating, after a round whistled past [heal-flee+sight-grace latched]."
176,E1m-P,flee,survive,near-miss,medic,none,flee+heal-flee+sight-grace,350,"Medic retreating, after a round whistled past [flee+heal-flee+sight-grace latched]."
177,E2r-0,flee,survive,wary,rifleman,none,,210,"Rifleman retreating, on a fresh wary call-out."
178,E2r-1,flee,survive,wary,rifleman,none,flee,210,"Rifleman retreating, on a fresh wary call-out [flee latched]."
179,E2r-8,flee,survive,wary,rifleman,none,heal-flee,210,"Rifleman retreating, on a fresh wary call-out [heal-flee latched]."
180,E2r-9,flee,survive,wary,rifleman,none,flee+heal-flee,210,"Rifleman retreating, on a fresh wary call-out [flee+heal-flee latched]."
181,E2r-G,flee,survive,wary,rifleman,none,sight-grace,210,"Rifleman retreating, on a fresh wary call-out [sight-grace latched]."
182,E2r-H,flee,survive,wary,rifleman,none,flee+sight-grace,210,"Rifleman retreating, on a fresh wary call-out [flee+sight-grace latched]."
183,E2r-O,flee,survive,wary,rifleman,none,heal-flee+sight-grace,210,"Rifleman retreating, on a fresh wary call-out [heal-flee+sight-grace latched]."
184,E2r-P,flee,survive,wary,rifleman,none,flee+heal-flee+sight-grace,210,"Rifleman retreating, on a fresh wary call-out [flee+heal-flee+sight-grace latched]."
185,E2m-0,flee,survive,wary,medic,none,,700,"Medic retreating, on a fresh wary call-out."
186,E2m-1,flee,survive,wary,medic,none,flee,700,"Medic retreating, on a fresh wary call-out [flee latched]."
187,E2m-8,flee,survive,wary,medic,none,heal-flee,700,"Medic retreating, on a fresh wary call-out [heal-flee latched]."
188,E2m-9,flee,survive,wary,medic,none,flee+heal-flee,700,"Medic retreating, on a fresh wary call-out [flee+heal-flee latched]."
189,E2m-G,flee,survive,wary,medic,none,sight-grace,700,"Medic retreating, on a fresh wary call-out [sight-grace latched]."
190,E2m-H,flee,survive,wary,medic,none,flee+sight-grace,700,"Medic retreating, on a fresh wary call-out [flee+sight-grace latched]."
191,E2m-O,flee,survive,wary,medic,none,heal-flee+sight-grace,700,"Medic retreating, on a fresh wary call-out [heal-flee+sight-grace latched]."
192,E2m-P,flee,survive,wary,medic,none,flee+heal-flee+sight-grace,700,"Medic retreating, on a fresh wary call-out [flee+heal-flee+sight-grace latched]."
193,E3r-0,flee,survive,defensive,rifleman,none,,840,"Rifleman retreating, under a defensive squad alert."
194,E3r-1,flee,survive,defensive,rifleman,none,flee,840,"Rifleman retreating, under a defensive squad alert [flee latched]."
195,E3r-8,flee,survive,defensive,rifleman,none,heal-flee,840,"Rifleman retreating, under a defensive squad alert [heal-flee latched]."
196,E3r-9,flee,survive,defensive,rifleman,none,flee+heal-flee,840,"Rifleman retreating, under a defensive squad alert [flee+heal-flee latched]."
197,E3r-G,flee,survive,defensive,rifleman,none,sight-grace,840,"Rifleman retreating, under a defensive squad alert [sight-grace latched]."
198,E3r-H,flee,survive,defensive,rifleman,none,flee+sight-grace,840,"Rifleman retreating, under a defensive squad alert [flee+sight-grace latched]."
199,E3r-O,flee,survive,defensive,rifleman,none,heal-flee+sight-grace,840,"Rifleman retreating, under a defensive squad alert [heal-flee+sight-grace latched]."
200,E3r-P,flee,survive,defensive,rifleman,none,flee+heal-flee+sight-grace,840,"Rifleman retreating, under a defensive squad alert [flee+heal-flee+sight-grace latched]."
201,E3m-0,flee,survive,defensive,medic,none,,2800,"Medic retreating, under a defensive squad alert."
202,E3m-1,flee,survive,defensive,medic,none,flee,2800,"Medic retreating, under a defensive squad alert [flee latched]."
203,E3m-8,flee,survive,defensive,medic,none,heal-flee,2800,"Medic retreating, under a defensive squad alert [heal-flee latched]."
204,E3m-9,flee,survive,defensive,medic,none,flee+heal-flee,2800,"Medic retreating, under a defensive squad alert [flee+heal-flee latched]."
205,E3m-G,flee,survive,defensive,medic,none,sight-grace,2800,"Medic retreating, under a defensive squad alert [sight-grace latched]."
206,E3m-H,flee,survive,defensive,medic,none,flee+sight-grace,2800,"Medic retreating, under a defensive squad alert [flee+sight-grace latched]."
207,E3m-O,flee,survive,defensive,medic,none,heal-flee+sight-grace,2800,"Medic retreating, under a defensive squad alert [heal-flee+sight-grace latched]."
208,E3m-P,flee,survive,defensive,medic,none,flee+heal-flee+sight-grace,2800,"Medic retreating, under a defensive squad alert [flee+heal-flee+sight-grace latched]."
209,E4rb0,flee,survive,push,rifleman,base-of-fire,,630,"Rifleman retreating, in a squad push as the base-of-fire element."
210,E4rb1,flee,survive,push,rifleman,base-of-fire,flee,630,"Rifleman retreating, in a squad push as the base-of-fire element [flee latched]."
211,E4rb8,flee,survive,push,rifleman,base-of-fire,heal-flee,630,"Rifleman retreating, in a squad push as the base-of-fire element [heal-flee latched]."
212,E4rb9,flee,survive,push,rifleman,base-of-fire,flee+heal-flee,630,"Rifleman retreating, in a squad push as the base-of-fire element [flee+heal-flee latched]."
213,E4rbG,flee,survive,push,rifleman,base-of-fire,sight-grace,630,"Rifleman retreating, in a squad push as the base-of-fire element [sight-grace latched]."
214,E4rbH,flee,survive,push,rifleman,base-of-fire,flee+sight-grace,630,"Rifleman retreating, in a squad push as the base-of-fire element [flee+sight-grace latched]."
215,E4rbO,flee,survive,push,rifleman,base-of-fire,heal-flee+sight-grace,630,"Rifleman retreating, in a squad push as the base-of-fire element [heal-flee+sight-grace latched]."
216,E4rbP,flee,survive,push,rifleman,base-of-fire,flee+heal-flee+sight-grace,630,"Rifleman retreating, in a squad push as the base-of-fire element [flee+heal-flee+sight-grace latched]."
217,E4rm0,flee,survive,push,rifleman,moving,,630,"Rifleman retreating, in a squad push as the moving element."
218,E4rm1,flee,survive,push,rifleman,moving,flee,630,"Rifleman retreating, in a squad push as the moving element [flee latched]."
219,E4rm8,flee,survive,push,rifleman,moving,heal-flee,630,"Rifleman retreating, in a squad push as the moving element [heal-flee latched]."
220,E4rm9,flee,survive,push,rifleman,moving,flee+heal-flee,630,"Rifleman retreating, in a squad push as the moving element [flee+heal-flee latched]."
221,E4rmG,flee,survive,push,rifleman,moving,sight-grace,630,"Rifleman retreating, in a squad push as the moving element [sight-grace latched]."
222,E4rmH,flee,survive,push,rifleman,moving,flee+sight-grace,630,"Rifleman retreating, in a squad push as the moving element [flee+sight-grace latched]."
223,E4rmO,flee,survive,push,rifleman,moving,heal-flee+sight-grace,630,"Rifleman retreating, in a squad push as the moving element [heal-flee+sight-grace latched]."
224,E4rmP,flee,survive,push,rifleman,moving,flee+heal-flee+sight-grace,630,"Rifleman retreating, in a squad push as the moving element [flee+heal-flee+sight-grace latched]."
225,E4mb0,flee,survive,push,medic,base-of-fire,,2100,"Medic retreating, in a squad push as the base-of-fire element."
226,E4mb1,flee,survive,push,medic,base-of-fire,flee,2100,"Medic retreating, in a squad push as the base-of-fire element [flee latched]."
227,E4mb8,flee,survive,push,medic,base-of-fire,heal-flee,2100,"Medic retreating, in a squad push as the base-of-fire element [heal-flee latched]."
228,E4mb9,flee,survive,push,medic,base-of-fire,flee+heal-flee,2100,"Medic retreating, in a squad push as the base-of-fire element [flee+heal-flee latched]."
229,E4mbG,flee,survive,push,medic,base-of-fire,sight-grace,2100,"Medic retreating, in a squad push as the base-of-fire element [sight-grace latched]."
230,E4mbH,flee,survive,push,medic,base-of-fire,flee+sight-grace,2100,"Medic retreating, in a squad push as the base-of-fire element [flee+sight-grace latched]."
231,E4mbO,flee,survive,push,medic,base-of-fire,heal-flee+sight-grace,2100,"Medic retreating, in a squad push as the base-of-fire element [heal-flee+sight-grace latched]."
232,E4mbP,flee,survive,push,medic,base-of-fire,flee+heal-flee+sight-grace,2100,"Medic retreating, in a squad push as the base-of-fire element [flee+heal-flee+sight-grace latched]."
233,E4mm0,flee,survive,push,medic,moving,,2100,"Medic retreating, in a squad push as the moving element."
234,E4mm1,flee,survive,push,medic,moving,flee,2100,"Medic retreating, in a squad push as the moving element [flee latched]."
235,E4mm8,flee,survive,push,medic,moving,heal-flee,2100,"Medic retreating, in a squad push as the moving element [heal-flee latched]."
236,E4mm9,flee,survive,push,medic,moving,flee+heal-flee,2100,"Medic retreating, in a squad push as the moving element [flee+heal-flee latched]."
237,E4mmG,flee,survive,push,medic,moving,sight-grace,2100,"Medic retreating, in a squad push as the moving element [sight-grace latched]."
238,E4mmH,flee,survive,push,medic,moving,flee+sight-grace,2100,"Medic retreating, in a squad push as the moving element [flee+sight-grace latched]."
239,E4mmO,flee,survive,push,medic,moving,heal-flee+sight-grace,2100,"Medic retreating, in a squad push as the moving element [heal-flee+sight-grace latched]."
240,E4mmP,flee,survive,push,medic,moving,flee+heal-flee+sight-grace,2100,"Medic retreating, in a squad push as the moving element [flee+heal-flee+sight-grace latched]."
241,H0r-0,heal,survive,calm,rifleman,none,,105,Rifleman holding still to heal.
242,H0r-8,heal,survive,calm,rifleman,none,heal-flee,105,Rifleman holding still to heal [heal-flee latched].
243,H0r-G,heal,survive,calm,rifleman,none,sight-grace,105,Rifleman holding still to heal [sight-grace latched].
244,H0r-O,heal,survive,calm,rifleman,none,heal-flee+sight-grace,105,Rifleman holding still to heal [heal-flee+sight-grace latched].
245,H0m-0,heal,survive,calm,medic,none,,350,Medic holding still to heal.
246,H0m-8,heal,survive,calm,medic,none,heal-flee,350,Medic holding still to heal [heal-flee latched].
247,H0m-G,heal,survive,calm,medic,none,sight-grace,350,Medic holding still to heal [sight-grace latched].
248,H0m-O,heal,survive,calm,medic,none,heal-flee+sight-grace,350,Medic holding still to heal [heal-flee+sight-grace latched].
249,H1r-0,heal,survive,near-miss,rifleman,none,,105,"Rifleman holding still to heal, after a round whistled past."
250,H1r-8,heal,survive,near-miss,rifleman,none,heal-flee,105,"Rifleman holding still to heal, after a round whistled past [heal-flee latched]."
251,H1r-G,heal,survive,near-miss,rifleman,none,sight-grace,105,"Rifleman holding still to heal, after a round whistled past [sight-grace latched]."
252,H1r-O,heal,survive,near-miss,rifleman,none,heal-flee+sight-grace,105,"Rifleman holding still to heal, after a round whistled past [heal-flee+sight-grace latched]."
253,H1m-0,heal,survive,near-miss,medic,none,,350,"Medic holding still to heal, after a round whistled past."
254,H1m-8,heal,survive,near-miss,medic,none,heal-flee,350,"Medic holding still to heal, after a round whistled past [heal-flee latched]."
255,H1m-G,heal,survive,near-miss,medic,none,sight-grace,350,"Medic holding still to heal, after a round whistled past [sight-grace latched]."
256,H1m-O,heal,survive,near-miss,medic,none,heal-flee+sight-grace,350,"Medic holding still to heal, after a round whistled past [heal-flee+sight-grace latched]."
257,H2r-0,heal,survive,wary,rifleman,none,,210,"Rifleman holding still to heal, on a fresh wary call-out."
258,H2r-8,heal,survive,wary,rifleman,none,heal-flee,210,"Rifleman holding still to heal, on a fresh wary call-out [heal-flee latched]."
259,H2r-G,heal,survive,wary,rifleman,none,sight-grace,210,"Rifleman holding still to heal, on a fresh wary call-out [sight-grace latched]."
260,H2r-O,heal,survive,wary,rifleman,none,heal-flee+sight-grace,210,"Rifleman holding still to heal, on a fresh wary call-out [heal-flee+sight-grace latched]."
261,H2m-0,heal,survive,wary,medic,none,,700,"Medic holding still to heal, on a fresh wary call-out."
262,H2m-8,heal,survive,wary,medic,none,heal-flee,700,"Medic holding still to heal, on a fresh wary call-out [heal-flee latched]."
263,H2m-G,heal,survive,wary,medic,none,sight-grace,700,"Medic holding still to heal, on a fresh wary call-out [sight-grace latched]."
264,H2m-O,heal,survive,wary,medic,none,heal-flee+sight-grace,700,"Medic holding still to heal, on a fresh wary call-out [heal-flee+sight-grace latched]."
265,H3r-0,heal,survive,defensive,rifleman,none,,840,"Rifleman holding still to heal, under a defensive squad alert."
266,H3r-8,heal,survive,defensive,rifleman,none,heal-flee,840,"Rifleman holding still to heal, under a defensive squad alert [heal-flee latched]."
267,H3r-G,heal,survive,defensive,rifleman,none,sight-grace,840,"Rifleman holding still to heal, under a defensive squad alert [sight-grace latched]."
268,H3r-O,heal,survive,defensive,rifleman,none,heal-flee+sight-grace,840,"Rifleman holding still to heal, under a defensive squad alert [heal-flee+sight-grace latched]."
269,H3m-0,heal,survive,defensive,medic,none,,2800,"Medic holding still to heal, under a defensive squad alert."
270,H3m-8,heal,survive,defensive,medic,none,heal-flee,2800,"Medic holding still to heal, under a defensive squad alert [heal-flee latched]."
271,H3m-G,heal,survive,defensive,medic,none,sight-grace,2800,"Medic holding still to heal, under a defensive squad alert [sight-grace latched]."
272,H3m-O,heal,survive,defensive,medic,none,heal-flee+sight-grace,2800,"Medic holding still to heal, under a defensive squad alert [heal-flee+sight-grace latched]."
273,H4rb0,heal,survive,push,rifleman,base-of-fire,,630,"Rifleman holding still to heal, in a squad push as the base-of-fire element."
274,H4rb8,heal,survive,push,rifleman,base-of-fire,heal-flee,630,"Rifleman holding still to heal, in a squad push as the base-of-fire element [heal-flee latched]."
275,H4rbG,heal,survive,push,rifleman,base-of-fire,sight-grace,630,"Rifleman holding still to heal, in a squad push as the base-of-fire element [sight-grace latched]."
276,H4rbO,heal,survive,push,rifleman,base-of-fire,heal-flee+sight-grace,630,"Rifleman holding still to heal, in a squad push as the base-of-fire element [heal-flee+sight-grace latched]."
277,H4rm0,heal,survive,push,rifleman,moving,,630,"Rifleman holding still to heal, in a squad push as the moving element."
278,H4rm8,heal,survive,push,rifleman,moving,heal-flee,630,"Rifleman holding still to heal, in a squad push as the moving element [heal-flee latched]."
279,H4rmG,heal,survive,push,rifleman,moving,sight-grace,630,"Rifleman holding still to heal, in a squad push as the moving element [sight-grace latched]."
280,H4rmO,heal,survive,push,rifleman,moving,heal-flee+sight-grace,630,"Rifleman holding still to heal, in a squad push as the moving element [heal-flee+sight-grace latched]."
281,H4mb0,heal,survive,push,medic,base-of-fire,,2100,"Medic holding still to heal, in a squad push as the base-of-fire element."
282,H4mb8,heal,survive,push,medic,base-of-fire,heal-flee,2100,"Medic holding still to heal, in a squad push as the base-of-fire element [heal-flee latched]."
283,H4mbG,heal,survive,push,medic,base-of-fire,sight-grace,2100,"Medic holding still to heal, in a squad push as the base-of-fire element [sight-grace latched]."
284,H4mbO,heal,survive,push,medic,base-of-fire,heal-flee+sight-grace,2100,"Medic holding still to heal, in a squad push as the base-of-fire element [heal-flee+sight-grace latched]."
285,H4mm0,heal,survive,push,medic,moving,,2100,"Medic holding still to heal, in a squad push as the moving element."
286,H4mm8,heal,survive,push,medic,moving,heal-flee,2100,"Medic holding still to heal, in a squad push as the moving element [heal-flee latched]."
287,H4mmG,heal,survive,push,medic,moving,sight-grace,2100,"Medic holding still to heal, in a squad push as the moving element [sight-grace latched]."
288,H4mmO,heal,survive,push,medic,moving,heal-flee+sight-grace,2100,"Medic holding still to heal, in a squad push as the moving element [heal-flee+sight-grace latched]."
289,K0r-0,knife,engage,calm,rifleman,none,,30,Rifleman committed to a melee strike.
290,K0r-G,knife,engage,calm,rifleman,none,sight-grace,30,Rifleman committed to a melee strike [sight-grace latched].
291,K0m-0,knife,engage,calm,medic,none,,100,Medic committed to a melee strike.
292,K0m-G,knife,engage,calm,medic,none,sight-grace,100,Medic committed to a melee strike [sight-grace latched].
293,K1r-0,knife,engage,near-miss,rifleman,none,,30,"Rifleman committed to a melee strike, after a round whistled past."
294,K1r-G,knife,engage,near-miss,rifleman,none,sight-grace,30,"Rifleman committed to a melee strike, after a round whistled past [sight-grace latched]."
295,K1m-0,knife,engage,near-miss,medic,none,,100,"Medic committed to a melee strike, after a round whistled past."
296,K1m-G,knife,engage,near-miss,medic,none,sight-grace,100,"Medic committed to a melee strike, after a round whistled past [sight-grace latched]."
297,K2r-0,knife,engage,wary,rifleman,none,,60,"Rifleman committed to a melee strike, on a fresh wary call-out."
298,K2r-G,knife,engage,wary,rifleman,none,sight-grace,60,"Rifleman committed to a melee strike, on a fresh wary call-out [sight-grace latched]."
299,K2m-0,knife,engage,wary,medic,none,,200,"Medic committed to a melee strike, on a fresh wary call-out."
300,K2m-G,knife,engage,wary,medic,none,sight-grace,200,"Medic committed to a melee strike, on a fresh wary call-out [sight-grace latched]."
301,K3r-0,knife,engage,defensive,rifleman,none,,240,"Rifleman committed to a melee strike, under a defensive squad alert."
302,K3r-G,knife,engage,defensive,rifleman,none,sight-grace,240,"Rifleman committed to a melee strike, under a defensive squad alert [sight-grace latched]."
303,K3m-0,knife,engage,defensive,medic,none,,800,"Medic committed to a melee strike, under a defensive squad alert."
304,K3m-G,knife,engage,defensive,medic,none,sight-grace,800,"Medic committed to a melee strike, under a defensive squad alert [sight-grace latched]."
305,K4rb0,knife,engage,push,rifleman,base-of-fire,,180,"Rifleman committed to a melee strike, in a squad push as the base-of-fire element."
306,K4rbG,knife,engage,push,rifleman,base-of-fire,sight-grace,180,"Rifleman committed to a melee strike, in a squad push as the base-of-fire element [sight-grace latched]."
307,K4rm0,knife,engage,push,rifleman,moving,,180,"Rifleman committed to a melee strike, in a squad push as the moving element."
308,K4rmG,knife,engage,push,rifleman,moving,sight-grace,180,"Rifleman committed to a melee strike, in a squad push as the moving element [sight-grace latched]."
309,K4mb0,knife,engage,push,medic,base-of-fire,,600,"Medic committed to a melee strike, in a squad push as the base-of-fire element."
310,K4mbG,knife,engage,push,medic,base-of-fire,sight-grace,600,"Medic committed to a melee strike, in a squad push as the base-of-fire element [sight-grace latched]."
311,K4mm0,knife,engage,push,medic,moving,,600,"Medic committed to a melee strike, in a squad push as the moving element."
312,K4mmG,knife,engage,push,medic,moving,sight-grace,600,"Medic committed to a melee strike, in a squad push as the moving element [sight-grace latched]."
313,A0r-0,aim,engage,calm,rifleman,none,,90,Rifleman slewing onto the target.
314,A0r-G,aim,engage,calm,rifleman,none,sight-grace,90,Rifleman slewing onto the target [sight-grace latched].
315,A0m-0,aim,engage,calm,medic,none,,300,Medic slewing onto the target.
316,A0m-G,aim,engage,calm,medic,none,sight-grace,300,Medic slewing onto the target [sight-grace latched].
317,A1r-0,aim,engage,near-miss,rifleman,none,,90,"Rifleman slewing onto the target, after a round whistled past."
318,A1r-G,aim,engage,near-miss,rifleman,none,sight-grace,90,"Rifleman slewing onto the target, after a round whistled past [sight-grace latched]."
319,A1m-0,aim,engage,near-miss,medic,none,,300,"Medic slewing onto the target, after a round whistled past."
320,A1m-G,aim,engage,near-miss,medic,none,sight-grace,300,"Medic slewing onto the target, after a round whistled past [sight-grace latched]."
321,A2r-0,aim,engage,wary,rifleman,none,,180,"Rifleman slewing onto the target, on a fresh wary call-out."
322,A2r-G,aim,engage,wary,rifleman,none,sight-grace,180,"Rifleman slewing onto the target, on a fresh wary call-out [sight-grace latched]."
323,A2m-0,aim,engage,wary,medic,none,,600,"Medic slewing onto the target, on a fresh wary call-out."
324,A2m-G,aim,engage,wary,medic,none,sight-grace,600,"Medic slewing onto the target, on a fresh wary call-out [sight-grace latched]."
325,A3r-0,aim,engage,defensive,rifleman,none,,720,"Rifleman slewing onto the target, under a defensive squad alert."
326,A3r-G,aim,engage,defensive,rifleman,none,sight-grace,720,"Rifleman slewing onto the target, under a defensive squad alert [sight-grace latched]."
327,A3m-0,aim,engage,defensive,medic,none,,2400,"Medic slewing onto the target, under a defensive squad alert."
328,A3m-G,aim,engage,defensive,medic,none,sight-grace,2400,"Medic slewing onto the target, under a defensive squad alert [sight-grace latched]."
329,A4rb0,aim,engage,push,rifleman,base-of-fire,,540,"Rifleman slewing onto the target, in a squad push as the base-of-fire element."
330,A4rbG,aim,engage,push,rifleman,base-of-fire,sight-grace,540,"Rifleman slewing onto the target, in a squad push as the base-of-fire element [sight-grace latched]."
331,A4rm0,aim,engage,push,rifleman,moving,,540,"Rifleman slewing onto the target, in a squad push as the moving element."
332,A4rmG,aim,engage,push,rifleman,moving,sight-grace,540,"Rifleman slewing onto the target, in a squad push as the moving element [sight-grace latched]."
333,A4mb0,aim,engage,push,medic,base-of-fire,,1800,"Medic slewing onto the target, in a squad push as the base-of-fire element."
334,A4mbG,aim,engage,push,medic,base-of-fire,sight-grace,1800,"Medic slewing onto the target, in a squad push as the base-of-fire element [sight-grace latched]."
335,A4mm0,aim,engage,push,medic,moving,,1800,"Medic slewing onto the target, in a squad push as the moving element."
336,A4mmG,aim,engage,push,medic,moving,sight-grace,1800,"Medic slewing onto the target, in a squad push as the moving element [sight-grace latched]."
337,F0r-0,fire,engage,calm,rifleman,none,,90,Rifleman shooting.
338,F0r-G,fire,engage,calm,rifleman,none,sight-grace,90,Rifleman shooting [sight-grace latched].
339,F0m-0,fire,engage,calm,medic,none,,300,Medic shooting.
340,F0m-G,fire,engage,calm,medic,none,sight-grace,300,Medic shooting [sight-grace latched].
341,F1r-0,fire,engage,near-miss,rifleman,none,,90,"Rifleman shooting, after a round whistled past."
342,F1r-G,fire,engage,near-miss,rifleman,none,sight-grace,90,"Rifleman shooting, after a round whistled past [sight-grace latched]."
343,F1m-0,fire,engage,near-miss,medic,none,,300,"Medic shooting, after a round whistled past."
344,F1m-G,fire,engage,near-miss,medic,none,sight-grace,300,"Medic shooting, after a round whistled past [sight-grace latched]."
345,F2r-0,fire,engage,wary,rifleman,none,,180,"Rifleman shooting, on a fresh wary call-out."
346,F2r-G,fire,engage,wary,rifleman,none,sight-grace,180,"Rifleman shooting, on a fresh wary call-out [sight-grace latched]."
347,F2m-0,fire,engage,wary,medic,none,,600,"Medic shooting, on a fresh wary call-out."
348,F2m-G,fire,engage,wary,medic,none,sight-grace,600,"Medic shooting, on a fresh wary call-out [sight-grace latched]."
349,F3r-0,fire,engage,defensive,rifleman,none,,720,"Rifleman shooting, under a defensive squad alert."
350,F3r-G,fire,engage,defensive,rifleman,none,sight-grace,720,"Rifleman shooting, under a defensive squad alert [sight-grace latched]."
351,F3m-0,fire,engage,defensive,medic,none,,2400,"Medic shooting, under a defensive squad alert."
352,F3m-G,fire,engage,defensive,medic,none,sight-grace,2400,"Medic shooting, under a defensive squad alert [sight-grace latched]."
353,F4rb0,fire,engage,push,rifleman,base-of-fire,,540,"Rifleman shooting, in a squad push as the base-of-fire element."
354,F4rbG,fire,engage,push,rifleman,base-of-fire,sight-grace,540,"Rifleman shooting, in a squad push as the base-of-fire element [sight-grace latched]."
355,F4rm0,fire,engage,push,rifleman,moving,,540,"Rifleman shooting, in a squad push as the moving element."
356,F4rmG,fire,engage,push,rifleman,moving,sight-grace,540,"Rifleman shooting, in a squad push as the moving element [sight-grace latched]."
357,F4mb0,fire,engage,push,medic,base-of-fire,,1800,"Medic shooting, in a squad push as the base-of-fire element."
358,F4mbG,fire,engage,push,medic,base-of-fire,sight-grace,1800,"Medic shooting, in a squad push as the base-of-fire element [sight-grace latched]."
359,F4mm0,fire,engage,push,medic,moving,,1800,"Medic shooting, in a squad push as the moving element."
360,F4mmG,fire,engage,push,medic,moving,sight-grace,1800,"Medic shooting, in a squad push as the moving element [sight-grace latched]."
361,C0r-0,cover-move,defend,calm,rifleman,none,,90,Rifleman breaking for a cover corner.
362,C0r-2,cover-move,defend,calm,rifleman,none,cover,90,Rifleman breaking for a cover corner [cover latched].
363,C0r-G,cover-move,defend,calm,rifleman,none,sight-grace,90,Rifleman breaking for a cover corner [sight-grace latched].
364,C0r-I,cover-move,defend,calm,rifleman,none,cover+sight-grace,90,Rifleman breaking for a cover corner [cover+sight-grace latched].
365,C0m-0,cover-move,defend,calm,medic,none,,300,Medic breaking for a cover corner.
366,C0m-2,cover-move,defend,calm,medic,none,cover,300,Medic breaking for a cover corner [cover latched].
367,C0m-G,cover-move,defend,calm,medic,none,sight-grace,300,Medic breaking for a cover corner [sight-grace latched].
368,C0m-I,cover-move,defend,calm,medic,none,cover+sight-grace,300,Medic breaking for a cover corner [cover+sight-grace latched].
369,C1r-0,cover-move,defend,near-miss,rifleman,none,,90,"Rifleman breaking for a cover corner, after a round whistled past."
370,C1r-2,cover-move,defend,near-miss,rifleman,none,cover,90,"Rifleman breaking for a cover corner, after a round whistled past [cover latched]."
371,C1r-G,cover-move,defend,near-miss,rifleman,none,sight-grace,90,"Rifleman breaking for a cover corner, after a round whistled past [sight-grace latched]."
372,C1r-I,cover-move,defend,near-miss,rifleman,none,cover+sight-grace,90,"Rifleman breaking for a cover corner, after a round whistled past [cover+sight-grace latched]."
373,C1m-0,cover-move,defend,near-miss,medic,none,,300,"Medic breaking for a cover corner, after a round whistled past."
374,C1m-2,cover-move,defend,near-miss,medic,none,cover,300,"Medic breaking for a cover corner, after a round whistled past [cover latched]."
375,C1m-G,cover-move,defend,near-miss,medic,none,sight-grace,300,"Medic breaking for a cover corner, after a round whistled past [sight-grace latched]."
376,C1m-I,cover-move,defend,near-miss,medic,none,cover+sight-grace,300,"Medic breaking for a cover corner, after a round whistled past [cover+sight-grace latched]."
377,C2r-0,cover-move,defend,wary,rifleman,none,,180,"Rifleman breaking for a cover corner, on a fresh wary call-out."
378,C2r-2,cover-move,defend,wary,rifleman,none,cover,180,"Rifleman breaking for a cover corner, on a fresh wary call-out [cover latched]."
379,C2r-G,cover-move,defend,wary,rifleman,none,sight-grace,180,"Rifleman breaking for a cover corner, on a fresh wary call-out [sight-grace latched]."
380,C2r-I,cover-move,defend,wary,rifleman,none,cover+sight-grace,180,"Rifleman breaking for a cover corner, on a fresh wary call-out [cover+sight-grace latched]."
381,C2m-0,cover-move,defend,wary,medic,none,,600,"Medic breaking for a cover corner, on a fresh wary call-out."
382,C2m-2,cover-move,defend,wary,medic,none,cover,600,"Medic breaking for a cover corner, on a fresh wary call-out [cover latched]."
383,C2m-G,cover-move,defend,wary,medic,none,sight-grace,600,"Medic breaking for a cover corner, on a fresh wary call-out [sight-grace latched]."
384,C2m-I,cover-move,defend,wary,medic,none,cover+sight-grace,600,"Medic breaking for a cover corner, on a fresh wary call-out [cover+sight-grace latched]."
385,C3r-0,cover-move,defend,defensive,rifleman,none,,720,"Rifleman breaking for a cover corner, under a defensive squad alert."
386,C3r-2,cover-move,defend,defensive,rifleman,none,cover,720,"Rifleman breaking for a cover corner, under a defensive squad alert [cover latched]."
387,C3r-G,cover-move,defend,defensive,rifleman,none,sight-grace,720,"Rifleman breaking for a cover corner, under a defensive squad alert [sight-grace latched]."
388,C3r-I,cover-move,defend,defensive,rifleman,none,cover+sight-grace,720,"Rifleman breaking for a cover corner, under a defensive squad alert [cover+sight-grace latched]."
389,C3m-0,cover-move,defend,defensive,medic,none,,2400,"Medic breaking for a cover corner, under a defensive squad alert."
390,C3m-2,cover-move,defend,defensive,medic,none,cover,2400,"Medic breaking for a cover corner, under a defensive squad alert [cover latched]."
391,C3m-G,cover-move,defend,defensive,medic,none,sight-grace,2400,"Medic breaking for a cover corner, under a defensive squad alert [sight-grace latched]."
392,C3m-I,cover-move,defend,defensive,medic,none,cover+sight-grace,2400,"Medic breaking for a cover corner, under a defensive squad alert [cover+sight-grace latched]."
393,C4rb0,cover-move,defend,push,rifleman,base-of-fire,,540,"Rifleman breaking for a cover corner, in a squad push as the base-of-fire element."
394,C4rb2,cover-move,defend,push,rifleman,base-of-fire,cover,540,"Rifleman breaking for a cover corner, in a squad push as the base-of-fire element [cover latched]."
395,C4rbG,cover-move,defend,push,rifleman,base-of-fire,sight-grace,540,"Rifleman breaking for a cover corner, in a squad push as the base-of-fire element [sight-grace latched]."
396,C4rbI,cover-move,defend,push,rifleman,base-of-fire,cover+sight-grace,540,"Rifleman breaking for a cover corner, in a squad push as the base-of-fire element [cover+sight-grace latched]."
397,C4rm0,cover-move,defend,push,rifleman,moving,,540,"Rifleman breaking for a cover corner, in a squad push as the moving element."
398,C4rm2,cover-move,defend,push,rifleman,moving,cover,540,"Rifleman breaking for a cover corner, in a squad push as the moving element [cover latched]."
399,C4rmG,cover-move,defend,push,rifleman,moving,sight-grace,540,"Rifleman breaking for a cover corner, in a squad push as the moving element [sight-grace latched]."
400,C4rmI,cover-move,defend,push,rifleman,moving,cover+sight-grace,540,"Rifleman breaking for a cover corner, in a squad push as the moving element [cover+sight-grace latched]."
401,C4mb0,cover-move,defend,push,medic,base-of-fire,,1800,"Medic breaking for a cover corner, in a squad push as the base-of-fire element."
402,C4mb2,cover-move,defend,push,medic,base-of-fire,cover,1800,"Medic breaking for a cover corner, in a squad push as the base-of-fire element [cover latched]."
403,C4mbG,cover-move,defend,push,medic,base-of-fire,sight-grace,1800,"Medic breaking for a cover corner, in a squad push as the base-of-fire element [sight-grace latched]."
404,C4mbI,cover-move,defend,push,medic,base-of-fire,cover+sight-grace,1800,"Medic breaking for a cover corner, in a squad push as the base-of-fire element [cover+sight-grace latched]."
405,C4mm0,cover-move,defend,push,medic,moving,,1800,"Medic breaking for a cover corner, in a squad push as the moving element."
406,C4mm2,cover-move,defend,push,medic,moving,cover,1800,"Medic breaking for a cover corner, in a squad push as the moving element [cover latched]."
407,C4mmG,cover-move,defend,push,medic,moving,sight-grace,1800,"Medic breaking for a cover corner, in a squad push as the moving element [sight-grace latched]."
408,C4mmI,cover-move,defend,push,medic,moving,cover+sight-grace,1800,"Medic breaking for a cover corner, in a squad push as the moving element [cover+sight-grace latched]."
409,G0r-2,cover-hold,defend,calm,rifleman,none,cover,90,Rifleman holding a cover anchor [cover latched].
410,G0r-I,cover-hold,defend,calm,rifleman,none,cover+sight-grace,90,Rifleman holding a cover anchor [cover+sight-grace latched].
411,G0m-2,cover-hold,defend,calm,medic,none,cover,300,Medic holding a cover anchor [cover latched].
412,G0m-I,cover-hold,defend,calm,medic,none,cover+sight-grace,300,Medic holding a cover anchor [cover+sight-grace latched].
413,G1r-2,cover-hold,defend,near-miss,rifleman,none,cover,90,"Rifleman holding a cover anchor, after a round whistled past [cover latched]."
414,G1r-I,cover-hold,defend,near-miss,rifleman,none,cover+sight-grace,90,"Rifleman holding a cover anchor, after a round whistled past [cover+sight-grace latched]."
415,G1m-2,cover-hold,defend,near-miss,medic,none,cover,300,"Medic holding a cover anchor, after a round whistled past [cover latched]."
416,G1m-I,cover-hold,defend,near-miss,medic,none,cover+sight-grace,300,"Medic holding a cover anchor, after a round whistled past [cover+sight-grace latched]."
417,G2r-2,cover-hold,defend,wary,rifleman,none,cover,180,"Rifleman holding a cover anchor, on a fresh wary call-out [cover latched]."
418,G2r-I,cover-hold,defend,wary,rifleman,none,cover+sight-grace,180,"Rifleman holding a cover anchor, on a fresh wary call-out [cover+sight-grace latched]."
419,G2m-2,cover-hold,defend,wary,medic,none,cover,600,"Medic holding a cover anchor, on a fresh wary call-out [cover latched]."
420,G2m-I,cover-hold,defend,wary,medic,none,cover+sight-grace,600,"Medic holding a cover anchor, on a fresh wary call-out [cover+sight-grace latched]."
421,G3r-2,cover-hold,defend,defensive,rifleman,none,cover,720,"Rifleman holding a cover anchor, under a defensive squad alert [cover latched]."
422,G3r-I,cover-hold,defend,defensive,rifleman,none,cover+sight-grace,720,"Rifleman holding a cover anchor, under a defensive squad alert [cover+sight-grace latched]."
423,G3m-2,cover-hold,defend,defensive,medic,none,cover,2400,"Medic holding a cover anchor, under a defensive squad alert [cover latched]."
424,G3m-I,cover-hold,defend,defensive,medic,none,cover+sight-grace,2400,"Medic holding a cover anchor, under a defensive squad alert [cover+sight-grace latched]."
425,G4rb2,cover-hold,defend,push,rifleman,base-of-fire,cover,540,"Rifleman holding a cover anchor, in a squad push as the base-of-fire element [cover latched]."
426,G4rbI,cover-hold,defend,push,rifleman,base-of-fire,cover+sight-grace,540,"Rifleman holding a cover anchor, in a squad push as the base-of-fire element [cover+sight-grace latched]."
427,G4rm2,cover-hold,defend,push,rifleman,moving,cover,540,"Rifleman holding a cover anchor, in a squad push as the moving element [cover latched]."
428,G4rmI,cover-hold,defend,push,rifleman,moving,cover+sight-grace,540,"Rifleman holding a cover anchor, in a squad push as the moving element [cover+sight-grace latched]."
429,G4mb2,cover-hold,defend,push,medic,base-of-fire,cover,1800,"Medic holding a cover anchor, in a squad push as the base-of-fire element [cover latched]."
430,G4mbI,cover-hold,defend,push,medic,base-of-fire,cover+sight-grace,1800,"Medic holding a cover anchor, in a squad push as the base-of-fire element [cover+sight-grace latched]."
431,G4mm2,cover-hold,defend,push,medic,moving,cover,1800,"Medic holding a cover anchor, in a squad push as the moving element [cover latched]."
432,G4mmI,cover-hold,defend,push,medic,moving,cover+sight-grace,1800,"Medic holding a cover anchor, in a squad push as the moving element [cover+sight-grace latched]."
433,M0m-0,medic-move,support,calm,medic,none,,350,Medic moving to a wounded or fallen ally.
434,M0m-G,medic-move,support,calm,medic,none,sight-grace,350,Medic moving to a wounded or fallen ally [sight-grace latched].
435,M1m-0,medic-move,support,near-miss,medic,none,,350,"Medic moving to a wounded or fallen ally, after a round whistled past."
436,M1m-G,medic-move,support,near-miss,medic,none,sight-grace,350,"Medic moving to a wounded or fallen ally, after a round whistled past [sight-grace latched]."
437,M2m-0,medic-move,support,wary,medic,none,,700,"Medic moving to a wounded or fallen ally, on a fresh wary call-out."
438,M2m-G,medic-move,support,wary,medic,none,sight-grace,700,"Medic moving to a wounded or fallen ally, on a fresh wary call-out [sight-grace latched]."
439,M3m-0,medic-move,support,defensive,medic,none,,2800,"Medic moving to a wounded or fallen ally, under a defensive squad alert."
440,M3m-G,medic-move,support,defensive,medic,none,sight-grace,2800,"Medic moving to a wounded or fallen ally, under a defensive squad alert [sight-grace latched]."
441,M4mb0,medic-move,support,push,medic,base-of-fire,,2100,"Medic moving to a wounded or fallen ally, in a squad push as the base-of-fire element."
442,M4mbG,medic-move,support,push,medic,base-of-fire,sight-grace,2100,"Medic moving to a wounded or fallen ally, in a squad push as the base-of-fire element [sight-grace latched]."
443,M4mm0,medic-move,support,push,medic,moving,,2100,"Medic moving to a wounded or fallen ally, in a squad push as the moving element."
444,M4mmG,medic-move,support,push,medic,moving,sight-grace,2100,"Medic moving to a wounded or fallen ally, in a squad push as the moving element [sight-grace latched]."
445,T0m-0,medic-tend,support,calm,medic,none,,350,Medic channelling a heal or revive.
446,T0m-G,medic-tend,support,calm,medic,none,sight-grace,350,Medic channelling a heal or revive [sight-grace latched].
447,T1m-0,medic-tend,support,near-miss,medic,none,,350,"Medic channelling a heal or revive, after a round whistled past."
448,T1m-G,medic-tend,support,near-miss,medic,none,sight-grace,350,"Medic channelling a heal or revive, after a round whistled past [sight-grace latched]."
449,T2m-0,medic-tend,support,wary,medic,none,,700,"Medic channelling a heal or revive, on a fresh wary call-out."
450,T2m-G,medic-tend,support,wary,medic,none,sight-grace,700,"Medic channelling a heal or revive, on a fresh wary call-out [sight-grace latched]."
451,T3m-0,medic-tend,support,defensive,medic,none,,2800,"Medic channelling a heal or revive, under a defensive squad alert."
452,T3m-G,medic-tend,support,defensive,medic,none,sight-grace,2800,"Medic channelling a heal or revive, under a defensive squad alert [sight-grace latched]."
453,T4mb0,medic-tend,support,push,medic,base-of-fire,,2100,"Medic channelling a heal or revive, in a squad push as the base-of-fire element."
454,T4mbG,medic-tend,support,push,medic,base-of-fire,sight-grace,2100,"Medic channelling a heal or revive, in a squad push as the base-of-fire element [sight-grace latched]."
455,T4mm0,medic-tend,support,push,medic,moving,,2100,"Medic channelling a heal or revive, in a squad push as the moving element."
456,T4mmG,medic-tend,support,push,medic,moving,sight-grace,2100,"Medic channelling a heal or revive, in a squad push as the moving element [sight-grace latched]."
457,D0r-0,dead,terminal,calm,rifleman,none,,3,Rifleman down.
458,D0m-0,dead,terminal,calm,medic,none,,10,Medic down.
