t_ms	type	attacker	attacker_team	victim	victim_team	weapon	cause	amount	victim_health	ax	az	vx	vz	dist
143	damage	bot-188	bravo	bot-217	alpha	five_seven	bullet	20.00	56.00	-9.99	-10.42	11.23	29.39	45.11
298	damage	bot-188	bravo	bot-217	alpha	five_seven	bullet	20.00	36.00	-9.99	-10.42	11.36	29.52	45.29
454	damage	bot-188	bravo	bot-217	alpha	five_seven	bullet	20.00	16.00	-9.99	-10.42	11.80	30.00	45.92
595	kill	bot-188	bravo	bot-217	alpha	five_seven	bullet	20.00	0.00	-9.99	-10.42	12.22	30.45	46.51
4680	damage	bot-202	bravo	bot-218	alpha	cz_805_bren	bullet	24.00	76.00	-24.57	3.05	11.26	-25.75	45.97
4816	damage	bot-202	bravo	bot-218	alpha	cz_805_bren	bullet	24.00	52.00	-24.57	3.05	11.26	-25.75	45.97
5651	damage	bot-202	bravo	bot-218	alpha	cz_805_bren	bullet	24.00	28.00	-22.39	3.97	13.85	-28.02	48.34
6137	damage	bot-202	bravo	bot-218	alpha	cz_805_bren	bullet	24.00	4.00	-20.99	4.63	14.42	-28.28	48.34
9587	damage	bot-219	alpha	bot-202	bravo	cz_805_bren	bullet	24.00	48.09	-23.26	-30.23	-20.95	4.58	34.89
9734	damage	bot-219	alpha	bot-202	bravo	cz_805_bren	bullet	24.00	24.09	-23.26	-30.23	-21.13	4.62	34.91
9847	damage	bot-219	alpha	bot-202	bravo	cz_805_bren	bullet	24.00	0.09	-23.26	-30.23	-21.28	4.63	34.92
9971	kill	bot-219	alpha	bot-202	bravo	cz_805_bren	bullet	24.00	0.00	-23.26	-30.23	-21.48	4.67	34.95
10846	damage	bot-219	alpha	bot-200	bravo	cz_805_bren	bullet	24.00	76.00	-23.72	-30.42	-32.07	-31.80	8.46
10998	damage	bot-219	alpha	bot-200	bravo	cz_805_bren	bullet	24.00	52.00	-23.72	-30.42	-32.07	-31.80	8.46
11031	damage	bot-198	bravo	bot-219	alpha	m1911	bullet	33.00	67.00	-32.97	-32.99	-23.67	-30.37	9.66
11109	damage	bot-219	alpha	bot-200	bravo	cz_805_bren	bullet	24.00	28.00	-23.60	-30.30	-32.18	-31.90	8.73
11209	damage	bot-200	bravo	bot-219	alpha	cz_805_bren	bullet	24.00	43.00	-32.20	-31.94	-23.49	-30.20	8.88
11415	damage	bot-198	bravo	bot-219	alpha	m1911	bullet	33.00	10.00	-32.97	-32.99	-22.88	-29.63	10.63
11519	damage	bot-219	alpha	bot-200	bravo	cz_805_bren	bullet	24.00	4.00	-22.71	-29.47	-33.08	-32.39	10.78
11692	kill	bot-200	bravo	bot-219	alpha	cz_805_bren	bullet	24.00	0.00	-33.32	-32.40	-22.35	-29.14	11.44
14360	damage	bot-220	alpha	bot-196	bravo	five_seven	bullet	20.00	80.00	-26.28	-3.78	-8.13	-3.94	18.15
14571	damage	bot-196	bravo	bot-220	alpha	five_seven	bullet	20.00	80.00	-8.13	-3.94	-26.29	-3.79	18.16
14655	damage	bot-220	alpha	bot-196	bravo	five_seven	bullet	20.00	60.00	-26.29	-3.79	-8.13	-3.94	18.16
14713	damage	bot-196	bravo	bot-220	alpha	five_seven	bullet	20.00	60.00	-8.09	-3.97	-26.29	-3.79	18.20
14804	damage	bot-221	bravo	bot-220	alpha	cz_805_bren	bullet	24.00	36.00	1.38	12.98	-26.10	-3.84	32.22
14922	damage	bot-221	bravo	bot-220	alpha	cz_805_bren	bullet	24.00	12.00	1.38	12.98	-25.91	-3.88	32.08
15037	kill	bot-221	bravo	bot-220	alpha	cz_805_bren	bullet	24.00	0.00	1.38	12.98	-25.34	-3.99	31.66
19409	damage	bot-222	alpha	bot-212	bravo	m1911	bullet	33.00	39.27	20.27	23.77	11.78	25.82	8.73
19660	damage	bot-212	bravo	bot-222	alpha	cz_805_bren	bullet	24.00	76.00	11.54	26.15	20.28	23.78	9.05
19754	damage	bot-222	alpha	bot-212	bravo	m1911	bullet	33.00	6.27	20.28	23.78	11.22	26.48	9.45
19903	damage	bot-212	bravo	bot-222	alpha	cz_805_bren	bullet	24.00	52.00	10.84	26.86	20.28	23.78	9.93
20020	damage	bot-212	bravo	bot-222	alpha	cz_805_bren	bullet	24.00	28.00	10.53	27.19	20.41	23.89	10.42
20096	kill	bot-222	alpha	bot-212	bravo	m1911	bullet	33.00	0.00	20.50	23.97	10.26	27.49	10.82
26146	damage	bot-224	bravo	bot-223	alpha	five_seven	bullet	20.00	80.00	-14.72	30.53	-17.36	10.44	20.26
26500	damage	bot-113	bravo	bot-223	alpha	cz_805_bren	bullet	24.00	56.00	-32.79	33.21	-18.05	10.81	26.81
26570	damage	bot-223	alpha	bot-180	bravo	cz_805_bren	bullet	24.00	48.11	-17.81	10.72	-15.08	8.67	3.42
26631	damage	bot-113	bravo	bot-223	alpha	cz_805_bren	bullet	24.00	32.00	-32.79	33.21	-17.57	10.63	27.23
26682	damage	bot-224	bravo	bot-223	alpha	five_seven	bullet	20.00	12.00	-14.77	30.38	-17.09	10.44	20.08
26837	kill	bot-224	bravo	bot-223	alpha	five_seven	bullet	20.00	0.00	-14.80	30.38	-16.61	10.26	20.20
29395	damage	bot-196	bravo	bot-225	alpha	five_seven	bullet	20.00	80.00	-25.67	-4.24	-3.51	4.27	23.74
29561	damage	bot-196	bravo	bot-225	alpha	five_seven	bullet	20.00	60.00	-25.67	-4.23	-3.59	4.54	23.75
29742	damage	bot-196	bravo	bot-225	alpha	five_seven	bullet	20.00	40.00	-25.67	-4.21	-3.08	4.23	24.11
29821	damage	bot-225	alpha	bot-180	bravo	cz_805_bren	bullet	24.00	48.23	-2.87	4.11	-14.66	8.18	12.47
30103	damage	bot-196	bravo	bot-225	alpha	five_seven	bullet	20.00	20.00	-25.67	-4.20	-1.77	3.48	25.10
30103	damage	bot-225	alpha	bot-180	bravo	cz_805_bren	bullet	24.00	24.23	-1.77	3.48	-15.04	9.25	14.47
30314	kill	bot-196	bravo	bot-225	alpha	five_seven	bullet	20.00	0.00	-25.67	-4.20	-1.33	3.22	25.44
38153	kill	bot-222	alpha	bot-200	bravo	m24	bullet	95.00	0.00	16.84	19.54	-26.53	-28.57	64.78
41377	damage	bot-196	bravo	bot-226	alpha	five_seven	bullet	20.00	80.00	-15.96	-2.84	9.49	15.59	31.42
41598	damage	bot-196	bravo	bot-226	alpha	five_seven	bullet	20.00	60.00	-15.96	-2.84	9.50	15.59	31.43
41960	damage	bot-196	bravo	bot-226	alpha	five_seven	bullet	20.00	40.00	-15.96	-2.84	10.19	16.00	32.23
42201	damage	bot-196	bravo	bot-226	alpha	five_seven	bullet	20.00	20.00	-15.96	-2.84	10.44	16.39	32.66
43741	damage	bot-226	alpha	bot-228	bravo	five_seven	bullet	20.00	80.00	11.58	18.42	7.49	14.21	5.87
43992	damage	bot-226	alpha	bot-228	bravo	five_seven	bullet	20.00	60.00	11.82	18.89	7.19	14.18	6.60
44395	damage	bot-221	bravo	bot-229	alpha	cz_805_bren	bullet	24.00	76.00	-8.42	-5.82	-1.77	9.80	16.98
44510	damage	bot-196	bravo	bot-229	alpha	five_seven	bullet	20.00	56.00	-15.96	-2.66	-1.77	9.80	18.88
44510	damage	bot-221	bravo	bot-229	alpha	cz_805_bren	bullet	24.00	32.00	-8.42	-5.82	-1.77	9.80	16.98
44649	kill	bot-208	bravo	bot-229	alpha	m24	bullet	95.00	0.00	-18.04	21.04	-1.77	9.80	19.78
46065	damage	bot-221	bravo	bot-222	alpha	cz_805_bren	bullet	24.00	48.77	-7.96	-5.84	15.17	13.56	30.19
46226	damage	bot-221	bravo	bot-222	alpha	cz_805_bren	bullet	24.00	24.77	-7.96	-5.84	15.69	13.18	30.34
46226	damage	bot-227	alpha	bot-152	bravo	five_seven	bullet	20.00	63.47	-7.42	-26.67	-1.52	-33.34	8.91
46294	damage	bot-196	bravo	bot-222	alpha	five_seven	bullet	20.00	4.77	-15.89	-2.93	15.88	13.03	35.56
46388	damage	bot-227	alpha	bot-152	bravo	five_seven	bullet	20.00	43.47	-7.42	-26.67	-1.52	-33.34	8.91
46440	kill	bot-196	bravo	bot-222	alpha	five_seven	bullet	20.00	0.00	-15.89	-2.93	16.05	12.87	35.64
46562	damage	bot-227	alpha	bot-152	bravo	five_seven	bullet	20.00	23.47	-7.42	-26.67	-0.94	-33.58	9.48
46769	damage	bot-227	alpha	bot-152	bravo	five_seven	bullet	20.00	3.47	-7.42	-26.67	-0.53	-33.74	9.87
46923	kill	bot-227	alpha	bot-152	bravo	five_seven	bullet	20.00	0.00	-7.42	-26.67	0.10	-33.99	10.50
49471	damage	bot-113	bravo	bot-230	alpha	cz_805_bren	bullet	24.00	76.00	-32.79	33.21	-31.61	16.35	16.90
49593	damage	bot-113	bravo	bot-230	alpha	cz_805_bren	bullet	24.00	52.00	-32.79	33.21	-31.56	16.14	17.12
51726	damage	bot-226	alpha	bot-231	bravo	five_seven	bullet	20.00	80.00	12.91	18.96	15.68	-27.89	46.94
51871	damage	bot-226	alpha	bot-231	bravo	five_seven	bullet	20.00	60.00	12.91	18.96	15.64	-27.70	46.74
52028	damage	bot-226	alpha	bot-231	bravo	five_seven	bullet	20.00	40.00	12.91	18.96	15.77	-27.72	46.77
54237	damage	bot-113	bravo	bot-226	alpha	cz_805_bren	bullet	24.00	48.26	-32.79	33.21	12.58	17.53	48.00
54357	damage	bot-113	bravo	bot-226	alpha	cz_805_bren	bullet	24.00	24.26	-32.79	33.21	12.72	17.40	48.17
54747	damage	bot-227	alpha	bot-221	bravo	m24	bullet	95.00	5.00	-0.03	-32.41	-2.31	1.08	33.56
55047	damage	bot-221	bravo	bot-232	alpha	cz_805_bren	bullet	24.00	76.00	-2.65	1.49	8.85	11.32	15.12
55255	damage	bot-232	alpha	bot-228	bravo	five_seven	bullet	20.00	75.14	8.85	11.32	3.11	3.06	10.06
55464	damage	bot-232	alpha	bot-228	bravo	five_seven	bullet	20.00	55.14	8.85	11.32	3.15	2.89	10.17
55535	kill	bot-226	alpha	bot-221	bravo	five_seven	bullet	20.00	0.00	16.11	14.42	-3.73	3.06	22.87
55666	damage	bot-232	alpha	bot-228	bravo	five_seven	bullet	20.00	35.14	8.85	11.32	2.68	3.26	10.15
55781	damage	bot-113	bravo	bot-230	alpha	five_seven	bullet	20.00	52.16	-32.79	33.21	-27.40	12.43	21.47
55853	damage	bot-232	alpha	bot-228	bravo	five_seven	bullet	20.00	15.14	8.85	11.32	2.45	3.40	10.18
55927	damage	bot-113	bravo	bot-230	alpha	five_seven	bullet	20.00	32.16	-32.79	33.21	-27.38	11.92	21.97
56068	kill	bot-232	alpha	bot-228	bravo	five_seven	bullet	20.00	0.00	8.85	11.32	2.16	3.44	10.34
56263	damage	bot-113	bravo	bot-230	alpha	five_seven	bullet	20.00	12.16	-32.79	33.21	-27.35	10.68	23.18
56413	kill	bot-113	bravo	bot-230	alpha	five_seven	bullet	20.00	0.00	-32.79	33.21	-27.30	9.96	23.89
56544	damage	bot-232	alpha	bot-198	bravo	five_seven	bullet	20.00	80.00	8.88	11.28	-16.54	-28.35	47.08
57005	damage	bot-113	bravo	bot-232	alpha	five_seven	bullet	20.00	56.00	-32.79	33.21	8.88	11.28	47.08
57005	damage	bot-180	bravo	bot-227	alpha	m24	bullet	95.00	5.00	-2.26	11.25	-0.01	-32.43	43.74
57161	damage	bot-232	alpha	bot-198	bravo	five_seven	bullet	20.00	60.00	9.01	11.16	-16.54	-28.35	47.05
57334	damage	bot-113	bravo	bot-232	alpha	five_seven	bullet	20.00	36.00	-32.79	33.21	9.30	10.88	47.65
57403	damage	bot-224	bravo	bot-232	alpha	five_seven	bullet	20.00	16.00	-2.87	9.92	9.52	10.68	12.41
57538	kill	bot-113	bravo	bot-232	alpha	five_seven	bullet	20.00	0.00	-32.79	33.21	9.73	10.49	48.21
59971	damage	bot-204	bravo	bot-226	alpha	five_seven	bullet	20.00	21.35	32.74	9.90	22.57	11.86	10.35
60169	damage	bot-204	bravo	bot-226	alpha	five_seven	bullet	20.00	4.05	32.74	9.89	22.57	11.86	10.36
60290	damage	bot-227	alpha	bot-234	bravo	five_seven	bullet	20.00	80.00	3.96	-34.37	1.62	-30.42	4.59
60350	kill	bot-204	bravo	bot-226	alpha	five_seven	bullet	20.00	0.00	32.75	9.87	22.57	11.86	10.37
60486	damage	bot-227	alpha	bot-234	bravo	five_seven	bullet	20.00	60.00	3.95	-34.37	1.81	-30.55	4.38
60663	damage	bot-180	bravo	bot-233	alpha	m24	bullet	95.00	5.00	-2.01	11.08	10.46	-22.12	35.47
60663	damage	bot-227	alpha	bot-234	bravo	five_seven	bullet	20.00	40.00	3.97	-34.37	1.43	-30.18	4.90
60824	damage	bot-227	alpha	bot-234	bravo	five_seven	bullet	20.00	20.00	3.95	-34.37	0.91	-29.65	5.61
60947	kill	bot-234	bravo	bot-227	alpha	cz_805_bren	bullet	24.00	0.00	0.59	-29.35	3.93	-34.37	6.02
61688	kill	bot-208	bravo	bot-233	alpha	m24	bullet	95.00	0.00	-6.94	18.94	10.87	-24.75	47.18
65869	damage	bot-136	bravo	bot-235	alpha	m24	bullet	95.00	5.00	34.45	-2.92	-25.98	-28.78	65.73
69781	damage	bot-113	bravo	bot-237	alpha	five_seven	bullet	20.00	80.00	-32.79	33.21	-31.70	5.72	27.52
69981	damage	bot-113	bravo	bot-237	alpha	five_seven	bullet	20.00	60.00	-32.79	33.21	-31.52	6.05	27.19
70182	damage	bot-113	bravo	bot-237	alpha	five_seven	bullet	20.00	40.00	-32.79	33.21	-31.11	5.75	27.51
72644	damage	bot-236	bravo	bot-237	alpha	five_seven	bullet	20.00	20.00	-16.11	5.48	-25.50	3.04	9.71
72914	kill	bot-236	bravo	bot-237	alpha	five_seven	bullet	20.00	0.00	-16.11	5.48	-24.97	2.98	9.21
77793	damage	bot-239	alpha	bot-204	bravo	five_seven	bullet	20.00	56.00	19.73	24.11	15.94	11.45	13.21
82176	damage	bot-239	alpha	bot-204	bravo	five_seven	bullet	20.00	36.00	19.59	24.35	16.99	7.47	17.08
82417	damage	bot-239	alpha	bot-204	bravo	five_seven	bullet	20.00	16.90	19.61	24.36	16.99	7.47	17.09
82694	kill	bot-239	alpha	bot-204	bravo	five_seven	bullet	20.00	0.00	19.62	24.37	16.99	7.47	17.10
85812	damage	bot-239	alpha	bot-196	bravo	five_seven	bullet	20.00	52.41	18.89	23.54	8.25	10.11	17.13
85959	damage	bot-239	alpha	bot-196	bravo	five_seven	bullet	20.00	32.41	18.90	23.54	8.42	10.15	16.99
85959	kill	bot-241	alpha	bot-136	bravo	cz_805_bren	bullet	24.00	0.00	30.55	-9.91	25.99	-7.70	5.06
86148	damage	bot-239	alpha	bot-196	bravo	five_seven	bullet	20.00	12.41	18.90	23.54	8.66	10.34	16.71
86303	kill	bot-239	alpha	bot-196	bravo	five_seven	bullet	20.00	0.00	18.91	23.54	9.03	10.49	16.37
91742	damage	bot-236	bravo	bot-240	alpha	five_seven	bullet	20.00	80.00	-17.84	-4.23	-5.77	-1.44	12.39
91900	damage	bot-236	bravo	bot-240	alpha	five_seven	bullet	20.00	60.00	-17.84	-4.23	-5.89	-1.26	12.31
92046	damage	bot-236	bravo	bot-240	alpha	five_seven	bullet	20.00	40.00	-17.84	-4.23	-5.36	-1.26	12.83
92181	damage	bot-238	bravo	bot-240	alpha	m1911	bullet	33.00	7.00	-17.77	1.94	-5.11	-1.35	13.08
95288	damage	bot-236	bravo	bot-245	alpha	five_seven	bullet	20.00	80.00	-15.82	-3.65	-4.33	28.46	34.10
95450	damage	bot-236	bravo	bot-245	alpha	five_seven	bullet	20.00	60.00	-15.82	-3.65	-4.33	28.34	33.99
95608	damage	bot-236	bravo	bot-245	alpha	five_seven	bullet	20.00	40.00	-15.82	-3.65	-4.20	28.46	34.14
95771	damage	bot-236	bravo	bot-245	alpha	five_seven	bullet	20.00	20.00	-15.82	-3.65	-3.93	28.67	34.43
95930	kill	bot-236	bravo	bot-245	alpha	five_seven	bullet	20.00	0.00	-15.82	-3.65	-3.53	29.00	34.88
96910	damage	bot-113	bravo	bot-235	alpha	five_seven	bullet	20.00	52.08	-16.43	20.64	-21.81	-16.73	37.76
98303	damage	bot-236	bravo	bot-243	alpha	five_seven	bullet	20.00	80.00	-14.32	-2.93	23.98	-6.56	38.47
98486	damage	bot-236	bravo	bot-243	alpha	five_seven	bullet	20.00	60.00	-14.32	-2.92	24.04	-6.59	38.54
100445	damage	bot-236	bravo	bot-247	alpha	five_seven	bullet	20.00	80.00	-13.72	-2.87	-2.84	18.02	23.55
100611	damage	bot-236	bravo	bot-247	alpha	five_seven	bullet	20.00	60.00	-13.72	-2.87	-2.76	18.00	23.58
100779	damage	bot-236	bravo	bot-247	alpha	five_seven	bullet	20.00	40.00	-13.72	-2.87	-2.71	17.99	23.59
100997	damage	bot-236	bravo	bot-247	alpha	five_seven	bullet	20.00	20.00	-13.72	-2.87	-2.62	17.97	23.61
101181	kill	bot-236	bravo	bot-247	alpha	five_seven	bullet	20.00	0.00	-13.72	-2.87	-2.35	17.92	23.70
104463	damage	bot-243	alpha	bot-238	bravo	cz_805_bren	bullet	24.00	62.02	29.05	-11.01	-17.22	2.81	48.29
104598	damage	bot-243	alpha	bot-238	bravo	cz_805_bren	bullet	24.00	38.02	29.05	-11.01	-17.22	2.81	48.29
104714	damage	bot-243	alpha	bot-238	bravo	cz_805_bren	bullet	24.00	14.02	29.05	-11.01	-17.28	2.76	48.33
117574	damage	bot-253	alpha	bot-248	bravo	five_seven	bullet	20.00	80.00	-32.43	-4.19	-13.30	-5.53	19.18
117676	damage	bot-243	alpha	bot-248	bravo	cz_805_bren	bullet	24.00	56.00	19.88	-4.72	-13.30	-5.53	33.19
117787	damage	bot-253	alpha	bot-248	bravo	five_seven	bullet	20.00	36.00	-32.43	-4.19	-13.37	-5.40	19.10
117982	damage	bot-243	alpha	bot-248	bravo	cz_805_bren	bullet	24.00	12.00	19.88	-4.72	-13.45	-5.35	33.33
117982	damage	bot-246	bravo	bot-240	alpha	five_seven	bullet	20.00	52.77	-2.24	16.67	3.43	-2.83	20.31
117982	kill	bot-253	alpha	bot-248	bravo	five_seven	bullet	20.00	0.00	-32.43	-4.19	-13.67	-5.28	18.80
118241	damage	bot-246	bravo	bot-240	alpha	five_seven	bullet	20.00	32.77	-2.24	16.67	3.54	-2.98	20.48
118444	damage	bot-246	bravo	bot-240	alpha	five_seven	bullet	20.00	12.77	-2.24	16.67	3.58	-3.03	20.55
118666	kill	bot-246	bravo	bot-240	alpha	five_seven	bullet	20.00	0.00	-2.24	16.67	3.58	-3.02	20.54
120756	damage	bot-180	bravo	bot-254	alpha	m1911	bullet	33.00	67.00	13.46	23.92	10.75	20.75	4.17
120756	damage	bot-254	alpha	bot-180	bravo	m1911	bullet	33.00	39.29	10.75	20.75	13.61	24.08	4.40
121183	damage	bot-208	bravo	bot-249	alpha	m24	bullet	95.00	5.00	-16.98	9.62	20.13	-9.38	41.69
121481	damage	bot-255	bravo	bot-251	alpha	five_seven	bullet	20.00	80.00	29.28	-11.26	23.45	-13.06	6.10
121774	damage	bot-251	alpha	bot-208	bravo	cz_805_bren	bullet	24.00	48.12	23.45	-13.06	-16.96	9.66	46.36
121774	damage	bot-255	bravo	bot-251	alpha	five_seven	bullet	20.00	60.00	29.28	-11.26	23.45	-13.06	6.10
121934	damage	bot-255	bravo	bot-251	alpha	five_seven	bullet	20.00	40.00	29.28	-11.26	23.39	-13.01	6.14
122620	damage	bot-254	alpha	bot-224	bravo	m1911	bullet	33.00	39.03	9.16	18.87	20.10	27.42	13.89
122739	damage	bot-255	bravo	bot-251	alpha	five_seven	bullet	20.00	20.00	29.30	-11.28	22.26	-11.86	7.07
123777	damage	bot-253	alpha	bot-242	bravo	five_seven	bullet	20.00	62.71	-28.48	-4.19	6.59	11.80	38.55
124656	damage	bot-253	alpha	bot-242	bravo	five_seven	bullet	20.00	42.71	-28.42	-4.19	6.56	11.62	38.39
124861	damage	bot-253	alpha	bot-242	bravo	five_seven	bullet	20.00	22.71	-28.42	-4.19	6.65	11.61	38.47
125637	kill	bot-255	bravo	bot-251	alpha	five_seven	bullet	20.00	0.00	27.39	-13.85	18.87	-9.71	9.48
126011	kill	bot-252	bravo	bot-249	alpha	cz_805_bren	bullet	24.00	0.00	-18.57	11.94	20.09	-13.14	46.08
126397	damage	bot-255	bravo	bot-241	alpha	five_seven	bullet	20.00	52.07	27.29	-13.98	15.25	-5.51	14.73
126617	damage	bot-255	bravo	bot-241	alpha	five_seven	bullet	20.00	32.07	27.29	-13.98	14.94	-5.64	14.90
126877	damage	bot-255	bravo	bot-241	alpha	five_seven	bullet	20.00	12.07	27.29	-13.98	14.48	-5.84	15.18
127245	damage	bot-252	bravo	bot-243	alpha	cz_805_bren	bullet	24.00	48.28	-18.44	11.74	14.69	-6.82	37.97
127357	damage	bot-252	bravo	bot-243	alpha	cz_805_bren	bullet	24.00	24.28	-18.44	11.74	14.78	-7.10	38.18
128404	damage	bot-243	alpha	bot-252	bravo	cz_805_bren	bullet	24.00	76.00	14.89	-9.08	-18.28	11.57	39.08
138338	damage	bot-258	alpha	bot-255	bravo	five_seven	bullet	20.00	80.00	25.07	-6.80	20.92	-12.36	6.94
138484	damage	bot-258	alpha	bot-255	bravo	five_seven	bullet	20.00	60.00	25.07	-6.80	21.00	-12.26	6.81
138628	damage	bot-258	alpha	bot-255	bravo	five_seven	bullet	20.00	40.00	25.07	-6.80	20.77	-12.34	7.01
138807	damage	bot-258	alpha	bot-255	bravo	five_seven	bullet	20.00	20.00	25.07	-6.80	20.54	-12.43	7.23
138950	kill	bot-258	alpha	bot-255	bravo	five_seven	bullet	20.00	0.00	25.07	-6.80	20.32	-12.50	7.42
140175	damage	bot-252	bravo	bot-243	alpha	cz_805_bren	bullet	24.00	48.75	-11.76	10.42	15.91	-11.00	34.98
140428	damage	bot-252	bravo	bot-243	alpha	cz_805_bren	bullet	24.00	24.75	-11.76	10.42	15.91	-11.00	34.98
140696	damage	bot-252	bravo	bot-243	alpha	cz_805_bren	bullet	24.00	0.75	-11.76	10.42	15.91	-11.00	34.98
140909	kill	bot-252	bravo	bot-243	alpha	cz_805_bren	bullet	24.00	0.00	-11.76	10.42	15.91	-11.00	34.98
143612	damage	bot-253	alpha	bot-246	bravo	five_seven	bullet	20.00	80.00	-32.98	-6.24	-10.49	5.80	25.51
143758	damage	bot-246	bravo	bot-253	alpha	five_seven	bullet	20.00	52.43	-10.49	5.80	-32.96	-6.25	25.50
144254	damage	bot-259	alpha	bot-244	bravo	five_seven	bullet	20.00	42.70	-11.51	-31.42	1.83	-31.79	13.34
145105	damage	bot-244	bravo	bot-259	alpha	cz_805_bren	bullet	24.00	8.02	2.27	-31.80	-10.95	-31.91	13.22
145105	damage	bot-259	alpha	bot-244	bravo	five_seven	bullet	20.00	22.70	-10.95	-31.91	2.48	-31.79	13.43
145672	kill	bot-244	bravo	bot-259	alpha	cz_805_bren	bullet	24.00	0.00	2.68	-31.78	-10.47	-32.17	13.16
146050	damage	bot-258	alpha	bot-250	bravo	five_seven	bullet	20.00	79.11	23.49	-6.31	-19.83	-2.05	43.52
146804	damage	bot-244	bravo	bot-261	alpha	cz_805_bren	bullet	24.00	76.00	3.12	-32.82	-17.24	-15.42	26.78
146804	damage	bot-246	bravo	bot-261	alpha	five_seven	bullet	20.00	56.00	-10.87	5.63	-17.24	-15.42	21.99
146964	damage	bot-246	bravo	bot-261	alpha	five_seven	bullet	20.00	36.00	-10.87	5.63	-17.27	-15.65	22.22
147149	damage	bot-246	bravo	bot-261	alpha	five_seven	bullet	20.00	16.00	-10.87	5.63	-17.29	-15.88	22.46
147327	kill	bot-246	bravo	bot-261	alpha	five_seven	bullet	20.00	0.00	-10.87	5.63	-17.32	-16.12	22.69
153547	damage	bot-253	alpha	bot-250	bravo	five_seven	bullet	20.00	75.08	-32.69	-6.45	-24.62	-1.29	9.57
153699	damage	bot-253	alpha	bot-250	bravo	five_seven	bullet	20.00	55.08	-32.69	-6.45	-24.62	-1.29	9.57
153847	damage	bot-253	alpha	bot-250	bravo	five_seven	bullet	20.00	35.08	-32.69	-6.45	-24.59	-1.30	9.59
154012	damage	bot-253	alpha	bot-250	bravo	five_seven	bullet	20.00	15.08	-32.69	-6.45	-24.39	-1.61	9.60
154750	damage	bot-253	alpha	bot-252	bravo	five_seven	bullet	20.00	56.00	-32.61	-6.23	-2.64	7.80	33.10
155513	damage	bot-252	bravo	bot-241	alpha	cz_805_bren	bullet	24.00	46.50	-0.91	6.43	9.11	-6.98	16.74
155826	damage	bot-242	bravo	bot-253	alpha	cz_805_bren	bullet	24.00	48.50	6.44	11.19	-32.53	-6.12	42.64
156655	damage	bot-242	bravo	bot-263	alpha	cz_805_bren	bullet	24.00	76.00	6.44	11.19	-25.36	-26.26	49.13
157115	damage	bot-252	bravo	bot-263	alpha	cz_805_bren	bullet	24.00	52.00	4.23	7.32	-26.53	-25.24	44.79
157200	damage	bot-242	bravo	bot-263	alpha	cz_805_bren	bullet	24.00	28.00	6.44	11.19	-26.66	-25.26	49.23
159848	damage	bot-256	alpha	bot-246	bravo	cz_805_bren	bullet	24.00	48.06	-23.72	6.37	-16.48	10.08	8.14
160016	damage	bot-256	alpha	bot-246	bravo	cz_805_bren	bullet	24.00	24.06	-24.05	6.30	-15.82	9.84	8.96
163559	damage	bot-258	alpha	bot-192	bravo	m1911	bullet	33.00	39.29	6.24	-5.82	6.68	12.17	18.00
164100	damage	bot-263	alpha	bot-264	bravo	five_seven	bullet	20.00	80.00	-32.78	-32.28	4.35	-31.23	37.14
164248	damage	bot-263	alpha	bot-264	bravo	five_seven	bullet	20.00	60.00	-32.78	-32.28	3.95	-31.23	36.74
164399	damage	bot-263	alpha	bot-264	bravo	five_seven	bullet	20.00	40.00	-32.78	-32.28	4.08	-31.45	36.87
164562	damage	bot-263	alpha	bot-264	bravo	five_seven	bullet	20.00	20.00	-32.78	-32.28	4.27	-31.59	37.06
164710	kill	bot-263	alpha	bot-264	bravo	five_seven	bullet	20.00	0.00	-32.78	-32.28	4.42	-31.74	37.20
165532	damage	bot-258	alpha	bot-192	bravo	m1911	bullet	33.00	6.29	7.07	-5.82	3.09	14.09	20.30
166294	damage	bot-252	bravo	bot-235	alpha	cz_805_bren	bullet	24.00	26.40	-6.11	5.75	-27.98	-23.81	36.77
166413	damage	bot-244	bravo	bot-266	alpha	cz_805_bren	bullet	24.00	76.00	-4.29	-32.65	-1.26	-33.25	3.09
166573	damage	bot-244	bravo	bot-266	alpha	cz_805_bren	bullet	24.00	52.00	-4.76	-32.19	-1.26	-33.25	3.66
166707	damage	bot-244	bravo	bot-266	alpha	cz_805_bren	bullet	24.00	28.00	-5.29	-31.69	-0.95	-33.42	4.67
166707	damage	bot-252	bravo	bot-235	alpha	cz_805_bren	bullet	24.00	2.40	-6.10	5.75	-28.85	-24.70	38.01
166833	damage	bot-244	bravo	bot-266	alpha	cz_805_bren	bullet	24.00	4.00	-5.58	-31.41	-0.43	-33.68	5.63
166833	kill	bot-252	bravo	bot-235	alpha	cz_805_bren	bullet	24.00	0.00	-6.10	5.75	-29.26	-25.11	38.59
166961	kill	bot-244	bravo	bot-266	alpha	cz_805_bren	bullet	24.00	0.00	-6.00	-30.99	0.14	-33.96	6.82
167282	damage	bot-262	alpha	bot-267	bravo	cz_805_bren	bullet	24.00	76.00	-18.42	24.04	-22.70	19.17	6.49
167788	damage	bot-262	alpha	bot-267	bravo	cz_805_bren	bullet	24.00	52.00	-18.73	24.07	-21.51	18.92	5.86
167929	damage	bot-262	alpha	bot-267	bravo	cz_805_bren	bullet	24.00	28.00	-18.73	24.07	-20.95	18.84	5.69
168054	damage	bot-262	alpha	bot-267	bravo	cz_805_bren	bullet	24.00	4.00	-18.73	24.07	-20.35	18.75	5.56
168171	kill	bot-262	alpha	bot-267	bravo	cz_805_bren	bullet	24.00	0.00	-18.73	24.07	-19.80	18.67	5.50
171705	damage	bot-268	alpha	bot-246	bravo	cz_805_bren	bullet	24.00	34.51	-22.24	-24.10	-14.82	10.40	35.28
172052	damage	bot-246	bravo	bot-262	alpha	five_seven	bullet	20.00	80.00	-15.51	11.02	-17.83	22.46	11.67
172186	damage	bot-260	bravo	bot-258	alpha	m1911	bullet	33.00	67.00	8.08	-7.02	4.38	-12.15	6.32
174662	damage	bot-265	alpha	bot-250	bravo	five_seven	bullet	20.00	75.89	-9.92	-10.09	-10.10	-6.00	4.09
175149	damage	bot-262	alpha	bot-246	bravo	cz_805_bren	bullet	24.00	41.09	-18.09	23.08	-15.25	14.56	8.97
175196	damage	bot-265	alpha	bot-250	bravo	five_seven	bullet	20.00	55.89	-10.06	-10.50	-9.75	-5.75	4.76
175281	damage	bot-262	alpha	bot-246	bravo	cz_805_bren	bullet	24.00	17.09	-18.09	23.08	-15.25	14.56	8.97
175789	kill	bot-262	alpha	bot-246	bravo	cz_805_bren	bullet	24.00	0.00	-17.96	23.38	-15.24	14.57	9.22
176663	damage	bot-270	alpha	bot-244	bravo	five_seven	bullet	20.00	52.01	-14.77	-30.25	0.16	-33.83	15.35
176817	damage	bot-270	alpha	bot-244	bravo	five_seven	bullet	20.00	32.01	-14.77	-30.25	0.31	-33.96	15.53
176817	damage	bot-271	bravo	bot-263	alpha	five_seven	bullet	20.00	8.00	-33.91	-25.71	-28.85	-24.90	5.13
176968	damage	bot-270	alpha	bot-244	bravo	five_seven	bullet	20.00	12.01	-14.77	-30.26	0.56	-33.99	15.78
177119	kill	bot-270	alpha	bot-244	bravo	five_seven	bullet	20.00	0.00	-14.77	-30.26	0.80	-34.01	16.02
177411	damage	bot-270	alpha	bot-260	bravo	five_seven	bullet	20.00	41.80	-14.75	-30.24	14.42	-12.03	34.39
177411	kill	bot-271	bravo	bot-263	alpha	five_seven	bullet	20.00	0.00	-33.98	-24.49	-28.02	-22.01	6.46
177863	damage	bot-270	alpha	bot-260	bravo	five_seven	bullet	20.00	29.52	-14.72	-30.22	14.41	-12.00	34.36
178047	damage	bot-270	alpha	bot-260	bravo	five_seven	bullet	20.00	12.77	-14.73	-30.22	14.41	-12.00	34.37
178138	damage	bot-262	alpha	bot-252	bravo	cz_805_bren	bullet	24.00	48.03	-17.11	22.18	6.53	3.87	29.91
178211	kill	bot-270	alpha	bot-260	bravo	five_seven	bullet	20.00	0.00	-14.73	-30.22	14.41	-12.00	34.37
178262	damage	bot-262	alpha	bot-252	bravo	cz_805_bren	bullet	24.00	24.03	-17.15	22.17	6.52	4.07	29.79
178367	damage	bot-268	alpha	bot-79	bravo	cz_805_bren	bullet	24.00	50.62	-20.63	-15.53	-24.40	6.57	22.42
178405	damage	bot-262	alpha	bot-252	bravo	cz_805_bren	bullet	24.00	0.03	-17.16	22.17	6.50	4.43	29.57
178963	damage	bot-270	alpha	bot-271	bravo	five_seven	bullet	20.00	80.00	-14.79	-29.94	-30.65	-22.25	17.63
179121	damage	bot-270	alpha	bot-271	bravo	five_seven	bullet	20.00	60.00	-14.80	-29.94	-30.14	-21.71	17.41
179439	damage	bot-270	alpha	bot-271	bravo	five_seven	bullet	20.00	40.00	-14.80	-29.94	-28.90	-20.68	16.87
180186	damage	bot-268	alpha	bot-79	bravo	cz_805_bren	bullet	24.00	26.62	-20.44	-13.35	-27.25	11.64	25.90
180323	damage	bot-268	alpha	bot-79	bravo	cz_805_bren	bullet	24.00	2.62	-20.44	-13.35	-27.25	11.64	25.90
180593	kill	bot-268	alpha	bot-79	bravo	cz_805_bren	bullet	24.00	0.00	-20.44	-13.35	-27.25	11.64	25.90
180818	damage	bot-268	alpha	bot-87	bravo	cz_805_bren	bullet	24.00	57.56	-20.44	-13.35	-12.96	16.22	30.50
180966	damage	bot-268	alpha	bot-87	bravo	cz_805_bren	bullet	24.00	33.56	-20.44	-13.35	-12.78	16.97	31.27
181227	damage	bot-268	alpha	bot-87	bravo	cz_805_bren	bullet	24.00	9.56	-20.44	-13.35	-12.31	18.13	32.52
181354	kill	bot-268	alpha	bot-87	bravo	cz_805_bren	bullet	24.00	0.00	-20.44	-13.35	-11.91	18.38	32.86
185570	damage	bot-270	alpha	bot-271	bravo	five_seven	bullet	20.00	67.89	-22.36	-25.25	-24.90	-19.84	5.97
186656	damage	bot-275	bravo	bot-262	alpha	cz_805_bren	bullet	24.00	34.25	1.25	6.24	-9.94	20.62	18.23
186744	damage	bot-262	alpha	bot-275	bravo	cz_805_bren	bullet	24.00	76.00	-9.90	20.70	1.25	6.23	18.26
186783	damage	bot-275	bravo	bot-262	alpha	cz_805_bren	bullet	24.00	10.25	1.25	6.23	-9.82	20.83	18.32
186896	damage	bot-262	alpha	bot-275	bravo	cz_805_bren	bullet	24.00	52.00	-9.76	20.95	1.25	6.23	18.38
187019	damage	bot-262	alpha	bot-275	bravo	cz_805_bren	bullet	24.00	28.00	-9.63	21.18	1.44	6.21	18.63
187019	kill	bot-275	bravo	bot-262	alpha	cz_805_bren	bullet	24.00	0.00	1.44	6.21	-9.60	21.24	18.65
200104	damage	bot-269	bravo	bot-241	alpha	five_seven	bullet	20.00	76.06	19.92	-12.04	7.87	-6.08	13.45
200247	damage	bot-269	bravo	bot-241	alpha	five_seven	bullet	20.00	56.06	19.93	-12.04	7.79	-5.95	13.58
200282	damage	bot-275	bravo	bot-274	alpha	cz_805_bren	bullet	24.00	76.00	-6.34	23.54	-16.56	-17.88	42.66
200390	damage	bot-269	bravo	bot-241	alpha	five_seven	bullet	20.00	36.06	19.93	-12.04	7.14	-6.41	13.97
200418	damage	bot-275	bravo	bot-274	alpha	cz_805_bren	bullet	24.00	52.00	-6.34	23.54	-16.55	-18.08	42.86
201336	damage	bot-271	bravo	bot-270	alpha	five_seven	bullet	20.00	80.00	-28.77	-19.94	-29.56	-25.67	5.79
202821	damage	bot-269	bravo	bot-274	alpha	five_seven	bullet	20.00	41.34	18.90	-11.36	-12.93	-22.97	33.89
202968	damage	bot-269	bravo	bot-274	alpha	five_seven	bullet	20.00	23.91	18.91	-11.34	-12.93	-22.97	33.90
203117	damage	bot-269	bravo	bot-274	alpha	five_seven	bullet	20.00	6.81	18.92	-11.34	-12.93	-22.97	33.91
203270	kill	bot-269	bravo	bot-274	alpha	five_seven	bullet	20.00	0.00	18.92	-11.34	-12.93	-22.97	33.91
204153	damage	bot-269	bravo	bot-241	alpha	five_seven	bullet	20.00	75.79	19.17	-10.43	5.37	-7.69	14.07
204459	damage	bot-269	bravo	bot-241	alpha	five_seven	bullet	20.00	55.79	19.18	-10.42	5.28	-7.41	14.22
205969	damage	bot-241	alpha	bot-269	bravo	cz_805_bren	bullet	24.00	76.00	1.56	-10.64	17.98	-9.50	16.45
206469	damage	bot-265	alpha	bot-242	bravo	five_seven	bullet	20.00	52.59	-10.35	-7.01	4.70	5.44	19.53
207351	damage	bot-269	bravo	bot-258	alpha	five_seven	bullet	20.00	47.00	15.16	-10.56	3.42	-11.84	11.80
207584	damage	bot-269	bravo	bot-241	alpha	five_seven	bullet	20.00	52.14	15.16	-10.56	2.54	-12.01	12.70
207745	damage	bot-241	alpha	bot-269	bravo	cz_805_bren	bullet	24.00	52.00	2.35	-12.07	15.16	-10.56	12.89
207964	damage	bot-271	bravo	bot-270	alpha	five_seven	bullet	20.00	60.00	-29.79	-20.27	-26.98	-23.10	3.99
208193	damage	bot-270	alpha	bot-277	bravo	five_seven	bullet	20.00	47.08	-26.74	-23.31	-6.96	5.06	34.59
208588	damage	bot-271	bravo	bot-270	alpha	five_seven	bullet	20.00	40.00	-29.79	-20.27	-25.36	-24.66	6.23
208630	damage	bot-265	alpha	bot-250	bravo	five_seven	bullet	20.00	22.62	-9.27	-5.80	-0.83	-1.53	9.46
208779	damage	bot-265	alpha	bot-250	bravo	five_seven	bullet	20.00	5.30	-9.28	-5.82	-0.83	-1.53	9.47
208922	kill	bot-265	alpha	bot-250	bravo	five_seven	bullet	20.00	0.00	-9.28	-5.82	-0.83	-1.53	9.47
208991	damage	bot-283	bravo	bot-265	alpha	cz_805_bren	bullet	24.00	76.00	3.90	16.78	-9.28	-5.82	26.17
209081	damage	bot-276	alpha	bot-224	bravo	cz_805_bren	bullet	24.00	48.37	-13.46	-4.90	-7.63	18.76	24.37
209113	damage	bot-283	bravo	bot-265	alpha	cz_805_bren	bullet	24.00	52.00	3.90	16.78	-9.28	-5.82	26.17
209133	damage	bot-265	alpha	bot-277	bravo	five_seven	bullet	20.00	27.08	-9.28	-5.82	-3.67	6.71	13.72
209199	damage	bot-276	alpha	bot-224	bravo	cz_805_bren	bullet	24.00	24.37	-13.46	-4.90	-7.37	19.02	24.69
209256	damage	bot-283	bravo	bot-265	alpha	cz_805_bren	bullet	24.00	28.00	3.90	16.78	-9.49	-5.82	26.27
209314	damage	bot-276	alpha	bot-224	bravo	cz_805_bren	bullet	24.00	0.37	-13.46	-4.91	-7.16	19.22	24.93
209440	kill	bot-276	alpha	bot-224	bravo	cz_805_bren	bullet	24.00	0.00	-13.46	-4.91	-6.99	19.39	25.14
209472	damage	bot-269	bravo	bot-276	alpha	five_seven	bullet	20.00	80.00	17.94	-8.44	-13.46	-4.91	31.60
210882	damage	bot-271	bravo	bot-270	alpha	five_seven	bullet	20.00	21.59	-29.98	-20.57	-19.01	-24.51	11.66
211056	damage	bot-271	bravo	bot-270	alpha	five_seven	bullet	20.00	4.72	-29.98	-20.57	-19.01	-24.51	11.66
211201	kill	bot-271	bravo	bot-270	alpha	five_seven	bullet	20.00	0.00	-29.98	-20.57	-19.01	-24.51	11.66
211201	damage	bot-276	alpha	bot-275	bravo	cz_805_bren	bullet	24.00	26.67	-13.11	-4.43	-4.01	14.89	21.35
211276	damage	bot-275	bravo	bot-276	alpha	cz_805_bren	bullet	24.00	56.00	-4.03	14.88	-13.11	-4.43	21.34
211691	damage	bot-269	bravo	bot-241	alpha	five_seven	bullet	20.00	32.83	17.25	-8.08	4.76	-10.92	12.81
211853	damage	bot-269	bravo	bot-241	alpha	five_seven	bullet	20.00	12.83	17.24	-8.08	4.20	-11.52	13.49
211880	damage	bot-241	alpha	bot-269	bravo	cz_805_bren	bullet	24.00	48.01	4.20	-11.52	17.24	-8.08	13.49
211880	damage	bot-258	alpha	bot-269	bravo	m1911	bullet	33.00	15.01	1.66	-12.54	17.24	-8.08	16.21
212477	kill	bot-258	alpha	bot-269	bravo	m1911	bullet	33.00	0.00	1.68	-12.43	18.38	-8.35	17.19
212635	kill	bot-283	bravo	bot-241	alpha	cz_805_bren	bullet	24.00	0.00	3.85	14.08	1.70	-14.44	28.60
213099	damage	bot-283	bravo	bot-258	alpha	cz_805_bren	bullet	24.00	23.00	4.02	13.87	1.72	-13.90	27.87
213801	damage	bot-258	alpha	bot-283	bravo	m1911	bullet	33.00	67.00	0.93	-12.97	4.61	13.30	26.53
214049	damage	bot-278	alpha	bot-275	bravo	five_seven	bullet	20.00	35.48	-2.79	23.91	-4.14	15.50	8.52
214228	kill	bot-283	bravo	bot-258	alpha	cz_805_bren	bullet	24.00	0.00	4.86	13.06	1.58	-14.00	27.25
216016	damage	bot-278	alpha	bot-283	bravo	five_seven	bullet	20.00	47.00	-3.46	21.75	5.25	14.25	11.49
218472	damage	bot-268	alpha	bot-271	bravo	cz_805_bren	bullet	24.00	43.89	-27.17	-23.49	-31.24	-33.03	10.38
218612	damage	bot-268	alpha	bot-271	bravo	cz_805_bren	bullet	24.00	19.89	-27.17	-23.49	-31.39	-33.15	10.55
218645	damage	bot-271	bravo	bot-268	alpha	five_seven	bullet	20.00	80.00	-31.44	-33.22	-27.17	-23.49	10.63
218752	kill	bot-268	alpha	bot-271	bravo	cz_805_bren	bullet	24.00	0.00	-27.16	-23.43	-31.62	-33.43	10.95
219861	damage	bot-278	alpha	bot-287	bravo	five_seven	bullet	20.00	80.00	0.56	17.55	21.67	1.65	26.43
220002	damage	bot-278	alpha	bot-287	bravo	five_seven	bullet	20.00	60.00	0.56	17.55	21.82	1.68	26.53
220151	damage	bot-278	alpha	bot-287	bravo	five_seven	bullet	20.00	40.00	0.56	17.55	21.92	1.53	26.70
220301	damage	bot-278	alpha	bot-287	bravo	five_seven	bullet	20.00	20.00	0.56	17.55	22.01	1.37	26.87
220452	kill	bot-278	alpha	bot-287	bravo	five_seven	bullet	20.00	0.00	0.56	17.55	22.09	1.24	27.01
220933	damage	bot-277	bravo	bot-284	alpha	five_seven	bullet	20.00	80.00	-1.49	11.03	-5.90	23.28	13.02
221489	damage	bot-277	bravo	bot-284	alpha	five_seven	bullet	20.00	60.00	-1.56	11.04	-5.96	23.25	12.98
221489	damage	bot-278	alpha	bot-283	bravo	five_seven	bullet	20.00	52.19	1.62	16.48	6.96	13.53	6.10
221663	damage	bot-277	bravo	bot-284	alpha	five_seven	bullet	20.00	40.00	-1.59	11.01	-5.94	23.51	13.23
222188	damage	bot-288	alpha	bot-277	bravo	m1911	bullet	33.00	39.10	-7.57	-1.95	-1.88	11.32	14.44
222529	damage	bot-288	alpha	bot-277	bravo	m1911	bullet	33.00	6.10	-7.57	-1.95	-2.97	12.66	15.32
222807	damage	bot-272	alpha	bot-289	bravo	m1911	bullet	33.00	67.00	31.44	8.50	26.99	8.52	4.45
222871	kill	bot-288	alpha	bot-277	bravo	m1911	bullet	33.00	0.00	-7.55	-1.95	-4.05	14.06	16.39
222996	damage	bot-283	bravo	bot-288	alpha	cz_805_bren	bullet	24.00	76.00	11.70	12.89	-7.39	-1.97	24.19
223111	damage	bot-283	bravo	bot-288	alpha	cz_805_bren	bullet	24.00	52.00	11.70	12.89	-7.21	-2.00	24.07
223848	damage	bot-272	alpha	bot-289	bravo	m1911	bullet	33.00	34.00	30.58	10.83	26.75	8.69	4.39
224567	damage	bot-285	bravo	bot-272	alpha	five_seven	bullet	20.00	62.03	11.35	13.88	29.38	11.06	18.25
224717	damage	bot-285	bravo	bot-272	alpha	five_seven	bullet	20.00	42.03	11.35	13.88	29.38	11.06	18.25
224860	damage	bot-285	bravo	bot-272	alpha	five_seven	bullet	20.00	22.03	11.35	13.88	29.61	11.16	18.46
225017	damage	bot-285	bravo	bot-272	alpha	five_seven	bullet	20.00	2.03	11.35	13.88	30.08	11.33	18.90
225195	kill	bot-285	bravo	bot-272	alpha	five_seven	bullet	20.00	0.00	11.35	13.88	30.89	11.64	19.67
227255	damage	bot-286	alpha	bot-285	bravo	five_seven	bullet	20.00	80.00	4.29	13.96	8.75	9.75	6.13
227432	damage	bot-286	alpha	bot-285	bravo	five_seven	bullet	20.00	60.00	4.29	13.96	8.93	9.87	6.19
227578	damage	bot-286	alpha	bot-285	bravo	five_seven	bullet	20.00	40.00	4.29	13.96	9.29	10.13	6.30
227608	damage	bot-285	bravo	bot-286	alpha	five_seven	bullet	20.00	80.00	9.29	10.13	4.35	13.85	6.19
227695	damage	bot-268	alpha	bot-273	bravo	cz_805_bren	bullet	24.00	66.88	-34.44	-34.03	12.37	-16.89	49.85
227812	damage	bot-268	alpha	bot-273	bravo	cz_805_bren	bullet	24.00	42.88	-34.44	-34.03	12.37	-16.89	49.85
227853	damage	bot-285	bravo	bot-286	alpha	five_seven	bullet	20.00	60.00	10.28	10.79	4.91	12.82	5.75
228007	damage	bot-285	bravo	bot-286	alpha	five_seven	bullet	20.00	40.00	10.79	11.15	4.58	13.36	6.58
228007	damage	bot-286	alpha	bot-285	bravo	five_seven	bullet	20.00	20.00	4.58	13.36	10.98	11.31	6.72
228188	damage	bot-286	alpha	bot-242	bravo	five_seven	bullet	20.00	52.29	4.11	14.14	19.11	14.05	15.00
231208	damage	bot-268	alpha	bot-273	bravo	cz_805_bren	bullet	24.00	48.26	-30.14	-33.53	17.08	-17.24	49.95
232101	damage	bot-293	bravo	bot-292	alpha	five_seven	bullet	20.00	80.00	31.16	-15.52	27.58	-28.89	13.84
232279	damage	bot-292	alpha	bot-293	bravo	cz_805_bren	bullet	24.00	76.00	27.59	-28.90	31.16	-15.52	13.85
232279	damage	bot-293	bravo	bot-292	alpha	five_seven	bullet	20.00	60.00	31.16	-15.52	27.59	-28.90	13.85
232392	damage	bot-292	alpha	bot-293	bravo	cz_805_bren	bullet	24.00	52.00	27.50	-28.99	31.16	-15.52	13.96
232436	damage	bot-293	bravo	bot-292	alpha	five_seven	bullet	20.00	40.00	31.19	-15.47	27.41	-29.08	14.12
232529	damage	bot-268	alpha	bot-273	bravo	cz_805_bren	bullet	24.00	31.23	-29.27	-33.55	17.97	-17.25	49.97
232529	damage	bot-292	alpha	bot-293	bravo	cz_805_bren	bullet	24.00	28.00	27.37	-29.13	31.27	-15.37	14.31
232602	damage	bot-293	bravo	bot-292	alpha	five_seven	bullet	20.00	20.00	31.35	-15.26	27.06	-29.48	14.86
232671	damage	bot-268	alpha	bot-273	bravo	cz_805_bren	bullet	24.00	10.10	-29.27	-33.55	17.97	-17.25	49.97
232778	kill	bot-293	bravo	bot-292	alpha	five_seven	bullet	20.00	0.00	31.80	-14.64	26.44	-30.13	16.39
232818	kill	bot-268	alpha	bot-273	bravo	cz_805_bren	bullet	24.00	0.00	-29.27	-33.55	17.97	-17.25	49.97
235891	damage	bot-268	alpha	bot-291	bravo	cz_805_bren	bullet	24.00	76.00	-23.33	-29.44	18.59	-9.28	46.52
236143	damage	bot-268	alpha	bot-291	bravo	cz_805_bren	bullet	24.00	52.00	-23.33	-29.44	18.17	-8.94	46.29
236232	damage	bot-285	bravo	bot-278	alpha	five_seven	bullet	20.00	80.00	11.54	10.17	3.68	14.44	8.94
236403	damage	bot-285	bravo	bot-278	alpha	five_seven	bullet	20.00	60.00	11.56	10.24	4.02	13.93	8.40
236556	damage	bot-268	alpha	bot-291	bravo	cz_805_bren	bullet	24.00	28.00	-23.33	-29.44	18.63	-8.45	46.92
236909	damage	bot-294	alpha	bot-291	bravo	five_seven	bullet	20.00	8.00	31.89	-5.68	19.16	-7.88	12.92
237064	kill	bot-294	alpha	bot-291	bravo	five_seven	bullet	20.00	0.00	31.89	-5.68	19.67	-7.33	12.34
237402	damage	bot-294	alpha	bot-293	bravo	five_seven	bullet	20.00	52.04	31.89	-5.68	26.13	-18.02	13.62
237467	damage	bot-242	bravo	bot-286	alpha	cz_805_bren	bullet	24.00	48.70	25.56	14.47	3.31	14.04	22.25
237613	damage	bot-294	alpha	bot-293	bravo	five_seven	bullet	20.00	32.04	31.89	-5.68	25.63	-18.57	14.33
237733	damage	bot-242	bravo	bot-286	alpha	cz_805_bren	bullet	24.00	24.70	25.57	14.51	3.30	14.52	22.27
240280	damage	bot-242	bravo	bot-280	alpha	cz_805_bren	bullet	24.00	76.00	22.13	13.95	3.66	15.26	18.52
240419	damage	bot-268	alpha	bot-289	bravo	cz_805_bren	bullet	24.00	48.21	-19.07	-26.63	17.75	-3.25	43.62
240540	damage	bot-242	bravo	bot-280	alpha	cz_805_bren	bullet	24.00	52.00	22.14	13.96	3.66	15.26	18.53
241689	kill	bot-286	alpha	bot-279	bravo	five_seven	bullet	20.00	0.00	-1.41	18.07	13.53	-28.60	49.01
245872	damage	bot-268	alpha	bot-289	bravo	cz_805_bren	bullet	24.00	48.09	-14.29	-24.09	18.75	-2.90	39.25
247208	damage	bot-299	bravo	bot-265	alpha	cz_805_bren	bullet	24.00	48.13	12.76	-27.27	-28.25	-27.41	41.01
247354	damage	bot-299	bravo	bot-265	alpha	cz_805_bren	bullet	24.00	24.13	12.76	-27.27	-28.43	-27.41	41.18
247737	damage	bot-299	bravo	bot-265	alpha	cz_805_bren	bullet	24.00	0.13	12.76	-27.27	-29.68	-27.38	42.44
248099	kill	bot-299	bravo	bot-265	alpha	cz_805_bren	bullet	24.00	0.00	12.76	-27.27	-31.11	-27.37	43.87
248890	damage	bot-278	alpha	bot-299	bravo	five_seven	bullet	20.00	80.00	-3.73	19.35	12.91	-27.28	49.51
249006	damage	bot-268	alpha	bot-299	bravo	cz_805_bren	bullet	24.00	56.00	-11.17	-22.83	12.91	-27.28	24.49
249044	damage	bot-278	alpha	bot-299	bravo	five_seven	bullet	20.00	36.00	-3.73	19.35	12.99	-27.29	49.55
249136	damage	bot-268	alpha	bot-299	bravo	cz_805_bren	bullet	24.00	12.00	-11.17	-22.83	13.13	-27.32	24.71
249284	kill	bot-268	alpha	bot-299	bravo	cz_805_bren	bullet	24.00	0.00	-11.17	-22.83	13.49	-27.21	25.05
249877	damage	bot-284	alpha	bot-297	bravo	cz_805_bren	bullet	24.00	76.00	-4.01	13.47	-19.07	1.41	19.30
251386	damage	bot-284	alpha	bot-297	bravo	cz_805_bren	bullet	24.00	52.00	-4.57	13.00	-18.82	1.38	18.39
251698	damage	bot-286	alpha	bot-283	bravo	five_seven	bullet	20.00	54.82	-6.68	23.06	4.95	13.86	14.83
251810	damage	bot-284	alpha	bot-297	bravo	cz_805_bren	bullet	24.00	28.00	-4.57	13.00	-20.04	1.20	19.46
251933	damage	bot-284	alpha	bot-297	bravo	cz_805_bren	bullet	24.00	4.00	-4.56	13.00	-20.72	1.09	20.07
252052	kill	bot-284	alpha	bot-297	bravo	cz_805_bren	bullet	24.00	0.00	-4.56	13.00	-21.24	1.04	20.53
253461	kill	bot-242	bravo	bot-286	alpha	cz_805_bren	bullet	24.00	0.00	4.61	14.03	-6.68	23.06	14.46
253666	damage	bot-242	bravo	bot-278	alpha	cz_805_bren	bullet	24.00	48.38	4.61	14.03	-3.63	20.19	10.29
255158	damage	bot-268	alpha	bot-285	bravo	cz_805_bren	bullet	24.00	41.83	-5.00	-21.82	7.68	10.94	35.13
255300	damage	bot-268	alpha	bot-285	bravo	cz_805_bren	bullet	24.00	17.83	-5.00	-21.82	7.26	11.29	35.32
256646	damage	bot-268	alpha	bot-242	bravo	cz_805_bren	bullet	24.00	48.04	-4.02	-21.05	7.75	14.25	37.21
257233	damage	bot-295	bravo	bot-302	alpha	five_seven	bullet	20.00	80.00	-25.40	31.64	-21.18	26.75	6.46
257272	damage	bot-268	alpha	bot-303	bravo	cz_805_bren	bullet	24.00	76.00	-4.02	-21.05	14.24	23.99	48.61
257814	damage	bot-268	alpha	bot-242	bravo	cz_805_bren	bullet	24.00	24.04	-4.02	-21.05	9.64	14.35	37.94
257814	damage	bot-295	bravo	bot-302	alpha	five_seven	bullet	20.00	60.00	-26.09	32.04	-20.02	25.96	8.59
257977	damage	bot-295	bravo	bot-302	alpha	five_seven	bullet	20.00	40.00	-26.09	32.04	-19.64	25.16	9.44
258308	damage	bot-295	bravo	bot-302	alpha	five_seven	bullet	20.00	20.00	-26.09	32.04	-18.94	23.61	11.06
258492	kill	bot-295	bravo	bot-302	alpha	five_seven	bullet	20.00	0.00	-26.09	32.04	-18.60	22.84	11.87
259052	damage	bot-300	alpha	bot-289	bravo	cz_805_bren	bullet	24.00	14.50	33.17	-31.64	17.89	-3.83	31.72
259193	kill	bot-300	alpha	bot-289	bravo	cz_805_bren	bullet	24.00	0.00	33.17	-31.64	17.98	-4.04	31.50
259874	damage	bot-284	alpha	bot-301	bravo	cz_805_bren	bullet	24.00	76.00	-4.49	19.46	-22.54	-17.42	41.06
259951	damage	bot-301	bravo	bot-284	alpha	five_seven	bullet	20.00	71.82	-22.54	-17.42	-4.49	19.46	41.06
260001	damage	bot-284	alpha	bot-301	bravo	cz_805_bren	bullet	24.00	52.00	-4.49	19.46	-22.54	-17.42	41.06
260116	damage	bot-284	alpha	bot-301	bravo	cz_805_bren	bullet	24.00	28.00	-4.49	19.46	-22.69	-17.53	41.22
260251	damage	bot-284	alpha	bot-301	bravo	cz_805_bren	bullet	24.00	4.00	-4.49	19.46	-22.91	-17.71	41.48
262072	damage	bot-300	alpha	bot-285	bravo	cz_805_bren	bullet	24.00	42.11	33.85	-26.39	4.31	13.64	49.75
262788	kill	bot-304	alpha	bot-242	bravo	m24	bullet	95.00	0.00	33.97	29.54	10.64	19.01	25.60
263387	damage	bot-284	alpha	bot-285	bravo	cz_805_bren	bullet	24.00	18.11	-3.37	18.56	-0.01	14.33	5.40
263513	kill	bot-284	alpha	bot-285	bravo	cz_805_bren	bullet	24.00	0.00	-3.66	18.89	-0.11	14.50	5.64
264282	damage	bot-303	bravo	bot-298	alpha	five_seven	bullet	20.00	80.00	5.83	27.54	-1.73	26.75	7.61
264440	damage	bot-303	bravo	bot-298	alpha	five_seven	bullet	20.00	60.00	5.83	27.56	-1.84	27.25	7.68
264608	damage	bot-303	bravo	bot-298	alpha	five_seven	bullet	20.00	40.00	5.83	27.56	-1.90	27.55	7.73
264753	damage	bot-303	bravo	bot-298	alpha	five_seven	bullet	20.00	20.00	5.83	27.56	-1.89	27.74	7.73
264868	damage	bot-298	alpha	bot-303	bravo	cz_805_bren	bullet	24.00	52.00	-1.89	27.84	6.15	27.46	8.05
264988	damage	bot-298	alpha	bot-303	bravo	cz_805_bren	bullet	24.00	28.00	-1.93	27.95	6.52	27.19	8.49
265050	kill	bot-303	bravo	bot-298	alpha	five_seven	bullet	20.00	0.00	6.63	27.11	-1.96	28.00	8.63
266023	kill	bot-304	alpha	bot-303	bravo	m24	bullet	95.00	0.00	33.40	25.87	11.09	24.62	22.34
268799	damage	bot-268	alpha	bot-307	bravo	cz_805_bren	bullet	24.00	76.00	5.94	-30.07	28.25	13.75	49.17
268916	damage	bot-268	alpha	bot-307	bravo	cz_805_bren	bullet	24.00	52.00	5.94	-30.07	28.25	13.75	49.17
269028	damage	bot-268	alpha	bot-307	bravo	cz_805_bren	bullet	24.00	28.00	5.94	-30.07	28.44	13.75	49.26
269158	damage	bot-268	alpha	bot-307	bravo	cz_805_bren	bullet	24.00	4.00	5.94	-30.07	28.65	13.75	49.35
269313	damage	bot-307	bravo	bot-304	alpha	cz_805_bren	bullet	24.00	76.00	29.46	13.75	31.68	17.59	4.43
269436	damage	bot-307	bravo	bot-304	alpha	cz_805_bren	bullet	24.00	52.00	30.01	13.88	31.49	17.06	3.51
269554	damage	bot-307	bravo	bot-304	alpha	cz_805_bren	bullet	24.00	28.00	30.32	14.34	31.28	16.50	2.37
269625	kill	bot-304	alpha	bot-307	bravo	m1911	bullet	33.00	0.00	31.20	16.29	30.49	14.60	1.83
273360	kill	bot-309	bravo	bot-290	alpha	five_seven	bullet	20.00	0.00	10.07	-24.07	-3.71	17.60	43.88
273796	damage	bot-309	bravo	bot-306	alpha	five_seven	bullet	20.00	80.00	10.07	-24.07	-21.74	1.10	40.56
273974	damage	bot-278	alpha	bot-305	bravo	five_seven	bullet	20.00	80.00	-4.32	16.91	-22.69	-10.59	33.07
273974	damage	bot-309	bravo	bot-306	alpha	five_seven	bullet	20.00	60.00	10.07	-24.07	-21.72	1.11	40.55
274135	damage	bot-309	bravo	bot-306	alpha	five_seven	bullet	20.00	40.00	10.07	-24.07	-21.45	1.13	40.35
274280	damage	bot-278	alpha	bot-305	bravo	five_seven	bullet	20.00	60.00	-4.32	16.91	-22.69	-10.59	33.07
274800	damage	bot-309	bravo	bot-306	alpha	five_seven	bullet	20.00	20.00	9.93	-24.19	-20.51	1.31	39.71
274949	kill	bot-309	bravo	bot-306	alpha	five_seven	bullet	20.00	0.00	9.93	-24.19	-20.42	1.38	39.68
277139	damage	bot-310	alpha	bot-311	bravo	five_seven	bullet	20.00	80.00	-14.21	-9.77	-14.86	22.81	32.59
277166	damage	bot-311	bravo	bot-278	alpha	five_seven	bullet	20.00	52.21	-14.86	22.81	-4.54	14.41	13.31
277301	damage	bot-310	alpha	bot-311	bravo	five_seven	bullet	20.00	60.00	-14.21	-9.78	-14.86	22.81	32.60
277346	damage	bot-311	bravo	bot-278	alpha	five_seven	bullet	20.00	32.21	-14.91	22.81	-4.08	13.90	14.03
277468	damage	bot-310	alpha	bot-311	bravo	five_seven	bullet	20.00	40.00	-14.21	-9.78	-15.11	22.78	32.57
277584	damage	bot-311	bravo	bot-278	alpha	five_seven	bullet	20.00	12.21	-15.20	22.78	-3.59	13.24	15.02
277732	kill	bot-311	bravo	bot-278	alpha	five_seven	bullet	20.00	0.00	-15.85	22.76	-3.26	12.84	16.03
277787	damage	bot-310	alpha	bot-311	bravo	five_seven	bullet	20.00	20.00	-14.21	-9.78	-16.13	22.76	32.59
280420	damage	bot-309	bravo	bot-308	alpha	five_seven	bullet	20.00	64.89	12.66	-18.69	4.26	-9.61	12.36
280579	damage	bot-309	bravo	bot-308	alpha	five_seven	bullet	20.00	44.89	12.66	-18.69	3.97	-9.47	12.67
280748	damage	bot-309	bravo	bot-308	alpha	five_seven	bullet	20.00	24.89	12.66	-18.69	3.31	-9.18	13.34
280906	damage	bot-309	bravo	bot-308	alpha	five_seven	bullet	20.00	4.89	12.66	-18.69	2.90	-9.00	13.75
281076	kill	bot-309	bravo	bot-308	alpha	five_seven	bullet	20.00	0.00	12.66	-18.69	2.65	-8.92	13.99
284788	damage	bot-309	bravo	bot-310	alpha	five_seven	bullet	20.00	80.00	17.60	-17.04	-13.83	4.84	38.29
284946	damage	bot-309	bravo	bot-310	alpha	five_seven	bullet	20.00	60.00	17.60	-17.04	-13.44	4.71	37.90
285130	damage	bot-309	bravo	bot-310	alpha	five_seven	bullet	20.00	40.00	17.60	-17.04	-14.04	4.17	38.09
285910	damage	bot-283	bravo	bot-300	alpha	cz_805_bren	bullet	24.00	76.00	28.26	23.76	32.40	19.87	5.68
286032	damage	bot-283	bravo	bot-300	alpha	cz_805_bren	bullet	24.00	52.00	28.26	23.76	32.38	19.93	5.62
287238	damage	bot-309	bravo	bot-314	alpha	five_seven	bullet	20.00	80.00	12.77	-17.17	-34.70	-23.75	47.92
288257	damage	bot-315	bravo	bot-310	alpha	cz_805_bren	bullet	24.00	44.65	1.38	19.07	-17.01	1.45	25.47
288428	damage	bot-315	bravo	bot-310	alpha	cz_805_bren	bullet	24.00	22.45	1.40	19.09	-17.01	1.45	25.49
288567	damage	bot-315	bravo	bot-310	alpha	cz_805_bren	bullet	24.00	0.25	1.41	19.10	-17.01	1.45	25.51
288770	kill	bot-315	bravo	bot-310	alpha	cz_805_bren	bullet	24.00	0.00	1.42	19.11	-17.01	1.45	25.53
291242	kill	bot-311	bravo	bot-268	alpha	m24	bullet	95.00	0.00	-19.08	24.91	34.17	-25.86	73.58
291635	damage	bot-300	alpha	bot-283	bravo	cz_805_bren	bullet	24.00	71.24	33.07	16.03	29.18	23.35	8.29
291718	damage	bot-304	alpha	bot-283	bravo	m1911	bullet	33.00	38.24	31.76	19.35	29.09	23.43	4.88
291718	damage	bot-315	bravo	bot-314	alpha	cz_805_bren	bullet	24.00	56.00	-0.28	14.95	-28.50	-25.15	49.03
291823	damage	bot-317	bravo	bot-316	alpha	five_seven	bullet	20.00	80.00	-3.77	4.27	-2.95	17.74	13.50
291887	damage	bot-283	bravo	bot-304	alpha	cz_805_bren	bullet	24.00	48.47	28.73	23.78	31.76	19.35	5.37
291980	damage	bot-315	bravo	bot-314	alpha	cz_805_bren	bullet	24.00	32.00	-0.27	14.95	-28.87	-25.49	49.53
291980	damage	bot-317	bravo	bot-316	alpha	five_seven	bullet	20.00	60.00	-3.77	4.27	-2.95	17.74	13.50
292144	damage	bot-317	bravo	bot-316	alpha	five_seven	bullet	20.00	40.00	-3.77	4.27	-2.86	17.74	13.50
292302	damage	bot-317	bravo	bot-316	alpha	five_seven	bullet	20.00	20.00	-3.78	4.28	-2.77	17.74	13.50
292451	kill	bot-317	bravo	bot-316	alpha	five_seven	bullet	20.00	0.00	-3.78	4.28	-2.51	17.75	13.53
295674	kill	bot-311	bravo	bot-276	alpha	m24	bullet	95.00	0.00	-16.35	21.94	-9.93	-10.41	32.99
296771	damage	bot-283	bravo	bot-300	alpha	cz_805_bren	bullet	24.00	48.65	23.79	28.67	31.38	20.65	11.04
296905	damage	bot-283	bravo	bot-300	alpha	cz_805_bren	bullet	24.00	24.65	23.79	28.67	31.80	20.08	11.75
297047	damage	bot-283	bravo	bot-300	alpha	cz_805_bren	bullet	24.00	0.65	23.79	28.67	32.20	19.70	12.30
297082	damage	bot-318	alpha	bot-319	bravo	five_seven	bullet	20.00	80.00	-12.17	-34.75	-30.49	-27.67	19.64
297201	kill	bot-283	bravo	bot-300	alpha	cz_805_bren	bullet	24.00	0.00	23.79	28.67	32.76	19.21	13.04
297201	damage	bot-314	alpha	bot-319	bravo	cz_805_bren	bullet	24.00	56.00	-34.06	-32.06	-30.41	-27.30	6.00
297251	damage	bot-318	alpha	bot-319	bravo	five_seven	bullet	20.00	36.00	-12.17	-34.75	-30.23	-27.14	19.61
297398	damage	bot-318	alpha	bot-319	bravo	five_seven	bullet	20.00	16.00	-12.17	-34.75	-29.69	-26.59	19.33
297560	kill	bot-318	alpha	bot-319	bravo	five_seven	bullet	20.00	0.00	-12.16	-34.76	-29.36	-26.25	19.19
298974	kill	bot-311	bravo	bot-314	alpha	m24	bullet	95.00	0.00	-14.57	17.24	-35.30	-34.83	56.04
300571	damage	bot-318	alpha	bot-317	bravo	five_seven	bullet	20.00	80.00	-12.77	-33.24	-3.80	1.43	35.81
303127	damage	bot-318	alpha	bot-305	bravo	five_seven	bullet	20.00	52.54	-11.33	-32.36	-14.62	-12.53	20.10
303845	damage	bot-318	alpha	bot-305	bravo	five_seven	bullet	20.00	32.54	-11.35	-31.82	-15.02	-11.79	20.36
305390	damage	bot-283	bravo	bot-304	alpha	cz_805_bren	bullet	24.00	48.02	25.87	23.76	34.36	23.07	8.52
306253	damage	bot-321	bravo	bot-304	alpha	cz_805_bren	bullet	24.00	24.02	29.51	11.36	34.73	18.59	8.91
306373	damage	bot-321	bravo	bot-304	alpha	cz_805_bren	bullet	24.00	0.02	29.51	11.36	34.73	18.59	8.91
306492	kill	bot-321	bravo	bot-304	alpha	cz_805_bren	bullet	24.00	0.00	29.51	11.36	34.73	18.59	8.91
307524	damage	bot-318	alpha	bot-317	bravo	five_seven	bullet	20.00	60.00	-17.13	-33.42	-12.47	-2.46	31.31
313185	damage	bot-317	bravo	bot-322	alpha	five_seven	bullet	20.00	80.00	-11.42	-1.02	-23.38	-17.85	20.65
314448	kill	bot-318	alpha	bot-315	bravo	five_seven	bullet	20.00	0.00	-17.03	-29.23	-12.82	1.54	31.06
314847	damage	bot-323	bravo	bot-320	alpha	cz_805_bren	bullet	24.00	76.00	1.27	24.83	-16.88	9.74	23.61
315106	damage	bot-323	bravo	bot-320	alpha	cz_805_bren	bullet	24.00	52.00	1.27	24.83	-17.75	9.37	24.51
315224	damage	bot-323	bravo	bot-320	alpha	cz_805_bren	bullet	24.00	28.00	1.27	24.83	-18.01	9.06	24.91
316397	damage	bot-323	bravo	bot-322	alpha	cz_805_bren	bullet	24.00	56.00	0.56	24.76	-21.25	-15.45	45.75
316666	damage	bot-323	bravo	bot-322	alpha	cz_805_bren	bullet	24.00	32.00	0.56	24.76	-21.39	-15.96	46.26
316792	damage	bot-323	bravo	bot-322	alpha	cz_805_bren	bullet	24.00	8.00	0.56	24.76	-21.60	-16.52	46.86
316924	kill	bot-323	bravo	bot-322	alpha	cz_805_bren	bullet	24.00	0.00	0.56	24.76	-21.82	-17.05	47.42
317003	damage	bot-326	alpha	bot-283	bravo	five_seven	bullet	20.00	52.10	32.75	2.24	34.57	19.82	17.67
317147	damage	bot-326	alpha	bot-283	bravo	five_seven	bullet	20.00	32.10	32.75	2.24	34.40	19.67	17.51
317450	damage	bot-326	alpha	bot-283	bravo	five_seven	bullet	20.00	12.10	32.75	2.24	33.50	18.93	16.71
317616	kill	bot-326	alpha	bot-283	bravo	five_seven	bullet	20.00	0.00	32.75	2.24	32.89	18.42	16.18
317864	damage	bot-326	alpha	bot-321	bravo	five_seven	bullet	20.00	80.00	32.75	2.24	31.85	23.13	20.91
321532	damage	bot-323	bravo	bot-320	alpha	cz_805_bren	bullet	24.00	48.11	-4.13	18.10	-18.52	8.78	17.15
321642	damage	bot-323	bravo	bot-320	alpha	cz_805_bren	bullet	24.00	24.11	-4.14	18.10	-18.38	8.24	17.32
321784	damage	bot-324	alpha	bot-321	bravo	cz_805_bren	bullet	24.00	56.00	31.80	18.00	28.97	23.51	6.19
323767	damage	bot-318	alpha	bot-323	bravo	five_seven	bullet	20.00	80.00	-16.89	-19.04	-7.57	15.70	35.97
323938	damage	bot-318	alpha	bot-323	bravo	five_seven	bullet	20.00	60.00	-16.86	-19.06	-7.58	15.69	35.97
324094	damage	bot-318	alpha	bot-323	bravo	five_seven	bullet	20.00	40.00	-16.86	-19.06	-7.80	15.86	36.08
324247	damage	bot-318	alpha	bot-323	bravo	five_seven	bullet	20.00	20.00	-16.86	-19.06	-8.06	16.09	36.23
324401	kill	bot-318	alpha	bot-323	bravo	five_seven	bullet	20.00	0.00	-16.86	-19.06	-8.60	16.56	36.57
326435	damage	bot-326	alpha	bot-321	bravo	five_seven	bullet	20.00	52.39	34.62	10.93	27.01	29.87	20.41
326583	damage	bot-326	alpha	bot-321	bravo	five_seven	bullet	20.00	32.39	34.62	10.93	26.48	30.29	21.00
327366	kill	bot-327	bravo	bot-326	alpha	m24	bullet	95.00	0.00	33.09	-32.63	34.62	10.96	43.62
328135	damage	bot-295	bravo	bot-328	alpha	five_seven	bullet	20.00	80.00	-25.98	26.78	-26.92	7.91	18.90
328473	damage	bot-295	bravo	bot-320	alpha	five_seven	bullet	20.00	52.39	-25.98	26.78	-13.22	13.28	18.58
328667	damage	bot-295	bravo	bot-320	alpha	five_seven	bullet	20.00	32.39	-25.98	26.78	-12.63	13.78	18.64
328829	damage	bot-295	bravo	bot-320	alpha	five_seven	bullet	20.00	12.39	-25.98	26.78	-11.92	14.38	18.75
328993	kill	bot-295	bravo	bot-320	alpha	five_seven	bullet	20.00	0.00	-25.98	26.78	-11.45	14.79	18.83
329451	damage	bot-295	bravo	bot-328	alpha	five_seven	bullet	20.00	60.00	-25.98	26.78	-24.60	10.33	16.50
329602	damage	bot-295	bravo	bot-328	alpha	five_seven	bullet	20.00	40.00	-25.98	26.78	-24.51	9.66	17.18
329747	damage	bot-295	bravo	bot-328	alpha	five_seven	bullet	20.00	20.00	-25.98	26.78	-24.04	8.96	17.92
329890	kill	bot-295	bravo	bot-328	alpha	five_seven	bullet	20.00	0.00	-25.98	26.78	-23.52	8.46	18.48
331530	damage	bot-295	bravo	bot-318	alpha	five_seven	bullet	20.00	49.01	-25.98	26.78	-17.96	-5.62	33.38
331678	damage	bot-295	bravo	bot-318	alpha	five_seven	bullet	20.00	29.01	-25.98	26.78	-18.11	-6.41	34.11
331839	damage	bot-295	bravo	bot-318	alpha	five_seven	bullet	20.00	9.01	-25.98	26.78	-18.26	-7.16	34.81
331997	kill	bot-295	bravo	bot-318	alpha	five_seven	bullet	20.00	0.00	-25.98	26.78	-18.42	-8.00	35.59
332317	damage	bot-327	bravo	bot-332	alpha	m24	bullet	95.00	5.00	33.82	-23.78	30.29	-5.72	18.40
332997	kill	bot-325	bravo	bot-332	alpha	five_seven	bullet	20.00	0.00	5.43	-7.15	32.55	-6.75	27.13
338770	kill	bot-327	bravo	bot-330	alpha	m24	bullet	95.00	0.00	34.28	-15.97	-20.19	1.38	57.17
342163	damage	bot-295	bravo	bot-335	alpha	five_seven	bullet	20.00	80.00	-14.75	9.57	-24.75	-4.71	17.43
342330	damage	bot-295	bravo	bot-335	alpha	five_seven	bullet	20.00	60.00	-14.75	9.57	-24.60	-4.54	17.21
342480	damage	bot-295	bravo	bot-335	alpha	five_seven	bullet	20.00	40.00	-14.75	9.57	-25.16	-4.57	17.55
342629	damage	bot-295	bravo	bot-335	alpha	five_seven	bullet	20.00	20.00	-14.75	9.57	-25.96	-4.60	18.07
342779	kill	bot-295	bravo	bot-335	alpha	five_seven	bullet	20.00	0.00	-14.75	9.57	-26.64	-4.63	18.51
345158	damage	bot-334	alpha	bot-327	bravo	five_seven	bullet	20.00	80.00	20.74	-32.40	34.27	-1.56	33.67
346012	damage	bot-334	alpha	bot-327	bravo	five_seven	bullet	20.00	60.00	20.90	-32.20	33.96	-2.42	32.52
346879	damage	bot-295	bravo	bot-336	alpha	five_seven	bullet	20.00	80.00	-17.34	1.50	-29.70	3.87	12.59
347043	damage	bot-295	bravo	bot-336	alpha	five_seven	bullet	20.00	60.00	-17.34	1.50	-29.92	4.42	12.92
347190	damage	bot-295	bravo	bot-336	alpha	five_seven	bullet	20.00	40.00	-17.34	1.50	-30.29	4.79	13.37
347330	damage	bot-334	alpha	bot-325	bravo	five_seven	bullet	20.00	80.00	21.17	-31.71	31.41	-1.35	32.04
347348	damage	bot-295	bravo	bot-336	alpha	five_seven	bullet	20.00	20.00	-17.34	1.50	-30.85	5.35	14.05
347483	damage	bot-334	alpha	bot-325	bravo	five_seven	bullet	20.00	60.00	21.17	-31.71	31.45	-0.93	32.45
347500	kill	bot-295	bravo	bot-336	alpha	five_seven	bullet	20.00	0.00	-17.34	1.50	-31.36	5.85	14.68
347632	damage	bot-334	alpha	bot-325	bravo	five_seven	bullet	20.00	40.00	21.17	-31.71	31.30	-0.20	33.09
347784	damage	bot-334	alpha	bot-325	bravo	five_seven	bullet	20.00	20.00	21.17	-31.71	31.46	0.51	33.82
347933	kill	bot-334	alpha	bot-325	bravo	five_seven	bullet	20.00	0.00	21.17	-31.71	31.82	1.17	34.56
348513	damage	bot-334	alpha	bot-313	bravo	five_seven	bullet	20.00	56.47	21.32	-31.50	29.26	-7.47	25.31
348658	damage	bot-334	alpha	bot-313	bravo	five_seven	bullet	20.00	36.47	21.32	-31.50	29.39	-7.28	25.53
349472	damage	bot-333	bravo	bot-334	alpha	five_seven	bullet	20.00	80.00	33.56	9.28	21.40	-31.40	42.46
349651	damage	bot-333	bravo	bot-334	alpha	five_seven	bullet	20.00	60.00	33.56	9.28	21.41	-31.41	42.46
351958	kill	bot-327	bravo	bot-334	alpha	m24	bullet	95.00	0.00	31.01	-1.60	12.74	-34.46	37.60
357091	damage	bot-337	alpha	bot-329	bravo	cz_805_bren	bullet	24.00	71.15	1.37	18.96	-17.72	-2.01	28.36
357198	damage	bot-339	alpha	bot-331	bravo	five_seven	bullet	20.00	80.00	-8.39	1.57	-20.84	0.52	12.49
357234	damage	bot-311	bravo	bot-339	alpha	five_seven	bullet	20.00	80.00	-10.36	10.79	-8.39	1.57	9.43
357320	damage	bot-331	bravo	bot-339	alpha	cz_805_bren	bullet	24.00	56.00	-20.76	0.61	-8.39	1.57	12.40
357408	damage	bot-311	bravo	bot-339	alpha	five_seven	bullet	20.00	36.00	-10.36	10.79	-8.25	1.46	9.56
357525	kill	bot-338	bravo	bot-337	alpha	m24	bullet	95.00	0.00	17.48	-11.78	1.34	18.76	34.55
357525	damage	bot-339	alpha	bot-331	bravo	five_seven	bullet	20.00	60.00	-8.12	1.36	-20.50	0.90	12.39
357563	damage	bot-311	bravo	bot-339	alpha	five_seven	bullet	20.00	16.00	-10.36	10.79	-8.05	1.32	9.74
357713	kill	bot-311	bravo	bot-339	alpha	five_seven	bullet	20.00	0.00	-10.36	10.79	-7.44	0.84	10.36
362066	damage	bot-331	bravo	bot-340	alpha	cz_805_bren	bullet	24.00	76.00	-16.08	2.17	-4.70	3.14	11.43
362181	damage	bot-331	bravo	bot-340	alpha	cz_805_bren	bullet	24.00	52.00	-16.08	2.17	-4.70	3.14	11.43
362280	damage	bot-340	alpha	bot-333	bravo	m24	bullet	95.00	5.00	-4.69	3.03	25.81	-13.31	34.60
362300	damage	bot-331	bravo	bot-340	alpha	cz_805_bren	bullet	24.00	28.00	-16.08	2.17	-4.68	2.97	11.43
362426	damage	bot-331	bravo	bot-340	alpha	cz_805_bren	bullet	24.00	4.00	-16.08	2.17	-4.66	2.73	11.44
362834	kill	bot-295	bravo	bot-340	alpha	five_seven	bullet	20.00	0.00	-30.11	11.12	-4.48	0.74	27.64
368208	damage	bot-295	bravo	bot-341	alpha	five_seven	bullet	20.00	80.00	-27.19	4.17	-2.56	31.90	37.09
368362	damage	bot-295	bravo	bot-341	alpha	five_seven	bullet	20.00	60.00	-27.19	4.17	-2.56	31.83	37.04
368515	damage	bot-295	bravo	bot-341	alpha	five_seven	bullet	20.00	40.00	-27.19	4.17	-2.28	31.88	37.26
368804	damage	bot-295	bravo	bot-341	alpha	five_seven	bullet	20.00	20.00	-27.19	4.17	-0.67	32.17	38.57
378264	damage	bot-295	bravo	bot-343	alpha	five_seven	bullet	20.00	80.00	-14.94	13.38	-23.63	31.03	19.68
378413	damage	bot-295	bravo	bot-343	alpha	five_seven	bullet	20.00	60.00	-14.94	13.38	-23.41	30.80	19.37
378565	damage	bot-295	bravo	bot-343	alpha	five_seven	bullet	20.00	40.00	-14.94	13.38	-23.89	31.29	20.02
378727	damage	bot-295	bravo	bot-343	alpha	five_seven	bullet	20.00	20.00	-14.94	13.38	-24.49	31.80	20.75
378891	kill	bot-295	bravo	bot-343	alpha	five_seven	bullet	20.00	0.00	-14.94	13.38	-25.06	32.28	21.44
397290	damage	bot-311	bravo	bot-345	alpha	five_seven	bullet	20.00	54.85	-11.14	11.56	-12.90	20.90	9.50
397461	damage	bot-311	bravo	bot-345	alpha	five_seven	bullet	20.00	34.85	-11.14	11.56	-13.59	21.03	9.78
397616	damage	bot-311	bravo	bot-345	alpha	five_seven	bullet	20.00	14.85	-11.14	11.56	-14.15	21.17	10.07
397775	kill	bot-311	bravo	bot-345	alpha	five_seven	bullet	20.00	0.00	-11.14	11.56	-14.70	21.43	10.49
398244	damage	bot-348	alpha	bot-347	bravo	five_seven	bullet	20.00	80.00	17.46	-20.73	9.65	17.75	39.26
398394	damage	bot-348	alpha	bot-347	bravo	five_seven	bullet	20.00	60.00	17.46	-20.73	9.65	17.75	39.26
398562	damage	bot-348	alpha	bot-347	bravo	five_seven	bullet	20.00	40.00	17.46	-20.73	9.84	17.95	39.42
398712	damage	bot-348	alpha	bot-347	bravo	five_seven	bullet	20.00	20.00	17.46	-20.73	10.18	18.33	39.72
398856	kill	bot-348	alpha	bot-347	bravo	five_seven	bullet	20.00	0.00	17.46	-20.73	10.69	18.87	40.17
401317	damage	bot-311	bravo	bot-346	alpha	five_seven	bullet	20.00	80.00	-11.50	12.13	-17.28	9.73	6.25
401471	damage	bot-311	bravo	bot-346	alpha	five_seven	bullet	20.00	60.00	-11.50	12.13	-17.13	9.86	6.07
401771	damage	bot-311	bravo	bot-346	alpha	five_seven	bullet	20.00	40.00	-11.50	12.13	-18.44	8.96	7.62
402865	damage	bot-350	bravo	bot-349	alpha	cz_805_bren	bullet	24.00	76.00	-4.97	34.71	-31.30	32.86	26.40
405916	damage	bot-295	bravo	bot-348	alpha	five_seven	bullet	20.00	80.00	-30.11	-32.12	12.19	-7.32	49.04
407709	damage	bot-311	bravo	bot-346	alpha	five_seven	bullet	20.00	52.52	-12.54	13.07	-17.65	9.54	6.21
410324	damage	bot-346	alpha	bot-350	bravo	cz_805_bren	bullet	24.00	76.00	-18.21	7.60	-10.07	26.99	21.03
410440	damage	bot-346	alpha	bot-350	bravo	cz_805_bren	bullet	24.00	52.00	-18.21	7.60	-10.33	26.53	20.51
410440	damage	bot-348	alpha	bot-350	bravo	five_seven	bullet	20.00	32.00	6.57	-3.04	-10.33	26.53	34.06
410555	damage	bot-346	alpha	bot-350	bravo	cz_805_bren	bullet	24.00	8.00	-18.21	7.60	-9.98	26.98	21.06
410583	kill	bot-348	alpha	bot-350	bravo	five_seven	bullet	20.00	0.00	6.57	-3.04	-9.89	27.11	34.35
412284	damage	bot-348	alpha	bot-353	bravo	five_seven	bullet	20.00	80.00	5.92	-1.34	-11.67	22.55	29.66
412377	damage	bot-352	alpha	bot-353	bravo	cz_805_bren	bullet	24.00	56.00	-5.47	6.68	-11.67	22.55	17.04
412534	damage	bot-352	alpha	bot-353	bravo	cz_805_bren	bullet	24.00	32.00	-5.47	6.68	-11.76	22.60	17.12
412617	damage	bot-348	alpha	bot-353	bravo	five_seven	bullet	20.00	12.00	5.91	-1.34	-11.80	22.65	29.82
412701	kill	bot-352	alpha	bot-353	bravo	cz_805_bren	bullet	24.00	0.00	-5.47	6.68	-11.93	22.80	17.37
412844	damage	bot-295	bravo	bot-344	alpha	five_seven	bullet	20.00	80.00	-18.79	-27.08	19.43	-22.17	38.53
413137	damage	bot-295	bravo	bot-344	alpha	five_seven	bullet	20.00	60.00	-18.79	-27.08	19.21	-22.44	38.29
413864	damage	bot-295	bravo	bot-344	alpha	five_seven	bullet	20.00	40.00	-18.79	-27.08	22.66	-20.31	42.00
414010	damage	bot-295	bravo	bot-344	alpha	five_seven	bullet	20.00	20.00	-18.79	-27.08	23.18	-19.95	42.57
414548	kill	bot-295	bravo	bot-344	alpha	five_seven	bullet	20.00	0.00	-18.79	-27.08	24.06	-19.36	43.54
415532	damage	bot-348	alpha	bot-327	bravo	five_seven	bullet	20.00	52.15	3.99	2.66	19.36	23.59	25.97
417131	damage	bot-295	bravo	bot-354	alpha	five_seven	bullet	20.00	80.00	-16.24	-28.63	4.87	-29.87	21.15
417290	damage	bot-295	bravo	bot-354	alpha	five_seven	bullet	20.00	60.00	-16.24	-28.63	4.45	-30.02	20.74
417729	damage	bot-295	bravo	bot-354	alpha	five_seven	bullet	20.00	40.00	-16.24	-28.63	5.41	-31.17	21.80
417880	damage	bot-295	bravo	bot-354	alpha	five_seven	bullet	20.00	20.00	-16.24	-28.63	5.73	-31.53	22.16
418177	kill	bot-355	bravo	bot-354	alpha	m24	bullet	95.00	0.00	-28.67	23.75	6.71	-32.45	66.40
420616	damage	bot-352	alpha	bot-355	bravo	cz_805_bren	bullet	24.00	76.00	-4.03	14.28	-28.44	28.25	28.12
429562	damage	bot-313	bravo	bot-352	alpha	cz_805_bren	bullet	24.00	76.00	8.12	-3.46	-13.89	20.22	32.33
429726	damage	bot-313	bravo	bot-352	alpha	cz_805_bren	bullet	24.00	52.00	8.12	-3.46	-13.89	20.22	32.33
429798	damage	bot-352	alpha	bot-313	bravo	cz_805_bren	bullet	24.00	48.01	-13.95	20.24	8.12	-3.46	32.38
430178	damage	bot-352	alpha	bot-313	bravo	cz_805_bren	bullet	24.00	24.01	-14.76	20.67	8.94	-4.26	34.41
431135	damage	bot-333	bravo	bot-352	alpha	five_seven	bullet	20.00	32.00	22.98	1.38	-16.82	22.52	45.06
437461	damage	bot-360	alpha	bot-357	bravo	five_seven	bullet	20.00	80.00	4.65	-2.25	8.39	0.61	4.71
437634	damage	bot-360	alpha	bot-357	bravo	five_seven	bullet	20.00	60.00	4.65	-2.25	8.18	0.52	4.49
437907	damage	bot-360	alpha	bot-357	bravo	five_seven	bullet	20.00	40.00	4.65	-2.26	8.40	0.95	4.94
438168	damage	bot-333	bravo	bot-360	alpha	five_seven	bullet	20.00	80.00	20.40	7.71	4.64	-2.26	18.65
438168	damage	bot-360	alpha	bot-357	bravo	five_seven	bullet	20.00	20.00	4.64	-2.26	8.64	1.40	5.42
438397	kill	bot-360	alpha	bot-357	bravo	five_seven	bullet	20.00	0.00	4.64	-2.26	8.89	1.84	5.90
438926	damage	bot-360	alpha	bot-321	bravo	five_seven	bullet	20.00	52.05	4.64	-2.26	4.61	13.45	15.70
439150	damage	bot-333	bravo	bot-360	alpha	five_seven	bullet	20.00	60.00	20.27	7.95	4.64	-2.26	18.66
439319	damage	bot-333	bravo	bot-360	alpha	five_seven	bullet	20.00	40.00	20.26	7.95	4.51	-2.26	18.78
439793	damage	bot-355	bravo	bot-352	alpha	five_seven	bullet	20.00	52.58	-27.53	33.22	-19.10	26.80	10.60
439986	damage	bot-355	bravo	bot-352	alpha	five_seven	bullet	20.00	32.58	-27.53	33.22	-19.09	26.59	10.74
440139	damage	bot-355	bravo	bot-352	alpha	five_seven	bullet	20.00	12.58	-27.53	33.22	-19.09	26.43	10.84
440343	kill	bot-355	bravo	bot-352	alpha	five_seven	bullet	20.00	0.00	-27.53	33.23	-19.07	26.27	10.95
441979	damage	bot-359	alpha	bot-321	bravo	cz_805_bren	bullet	24.00	28.05	-1.31	20.81	0.01	17.68	3.40
442204	damage	bot-359	alpha	bot-321	bravo	cz_805_bren	bullet	24.00	4.05	-1.62	21.13	0.02	17.70	3.80
442492	kill	bot-359	alpha	bot-321	bravo	cz_805_bren	bullet	24.00	0.00	-2.14	21.64	0.04	17.74	4.47
443171	damage	bot-359	alpha	bot-362	bravo	cz_805_bren	bullet	24.00	76.00	-2.39	21.83	-15.22	-9.50	33.85
443247	damage	bot-362	bravo	bot-359	alpha	cz_805_bren	bullet	24.00	76.00	-15.22	-9.50	-2.39	21.83	33.85
443364	damage	bot-362	bravo	bot-359	alpha	cz_805_bren	bullet	24.00	52.00	-15.22	-9.50	-2.39	21.83	33.85
443530	damage	bot-362	bravo	bot-359	alpha	cz_805_bren	bullet	24.00	28.00	-15.22	-9.50	-2.32	21.96	34.00
443890	damage	bot-362	bravo	bot-359	alpha	cz_805_bren	bullet	24.00	4.00	-15.22	-9.50	-1.98	22.70	34.82
444056	kill	bot-362	bravo	bot-359	alpha	cz_805_bren	bullet	24.00	0.00	-15.22	-9.50	-1.78	23.14	35.30
448966	damage	bot-362	bravo	bot-360	alpha	cz_805_bren	bullet	24.00	48.25	-14.69	-3.91	3.23	0.64	18.50
452043	damage	bot-362	bravo	bot-361	alpha	cz_805_bren	bullet	24.00	76.00	-13.19	-4.25	-28.80	-25.29	26.20
452212	damage	bot-362	bravo	bot-361	alpha	cz_805_bren	bullet	24.00	52.00	-13.20	-4.26	-28.62	-24.86	25.73
452377	damage	bot-362	bravo	bot-361	alpha	cz_805_bren	bullet	24.00	28.00	-13.20	-4.26	-28.97	-25.13	26.17
453943	damage	bot-333	bravo	bot-365	alpha	five_seven	bullet	20.00	80.00	17.75	8.25	14.11	25.48	17.61
454099	damage	bot-333	bravo	bot-365	alpha	five_seven	bullet	20.00	60.00	17.75	8.25	14.17	25.24	17.37
454281	damage	bot-333	bravo	bot-365	alpha	five_seven	bullet	20.00	40.00	17.75	8.25	13.87	25.13	17.32
454435	damage	bot-333	bravo	bot-365	alpha	five_seven	bullet	20.00	20.00	17.75	8.25	13.37	24.93	17.24
454729	kill	bot-333	bravo	bot-365	alpha	five_seven	bullet	20.00	0.00	17.75	8.25	12.49	24.87	17.44
462342	damage	bot-333	bravo	bot-360	alpha	five_seven	bullet	20.00	52.81	8.56	7.36	-5.82	-2.55	17.47
462526	damage	bot-333	bravo	bot-360	alpha	five_seven	bullet	20.00	32.81	8.56	7.36	-5.87	-2.57	17.52
462788	damage	bot-333	bravo	bot-360	alpha	five_seven	bullet	20.00	12.81	8.56	7.37	-5.82	-2.43	17.40
463022	kill	bot-333	bravo	bot-360	alpha	five_seven	bullet	20.00	0.00	8.56	7.37	-5.88	-2.43	17.46
468413	damage	bot-355	bravo	bot-369	alpha	m24	bullet	95.00	5.00	-15.44	20.84	5.73	-21.25	47.11
472727	damage	bot-333	bravo	bot-367	alpha	five_seven	bullet	20.00	80.00	1.68	9.55	24.28	5.35	22.99
472872	damage	bot-333	bravo	bot-367	alpha	five_seven	bullet	20.00	60.00	1.68	9.55	24.42	5.17	23.16
473371	damage	bot-333	bravo	bot-367	alpha	five_seven	bullet	20.00	40.00	1.68	9.55	24.95	4.63	23.79
473492	damage	bot-370	alpha	bot-333	bravo	cz_805_bren	bullet	24.00	48.03	-18.20	-1.77	1.68	9.55	22.87
473653	damage	bot-370	alpha	bot-333	bravo	cz_805_bren	bullet	24.00	24.03	-18.19	-1.79	1.76	9.56	22.94
473765	damage	bot-370	alpha	bot-333	bravo	cz_805_bren	bullet	24.00	0.03	-18.19	-1.79	1.83	9.57	23.02
473909	kill	bot-370	alpha	bot-333	bravo	cz_805_bren	bullet	24.00	0.00	-18.18	-1.80	2.08	9.61	23.25
478613	damage	bot-373	bravo	bot-372	alpha	cz_805_bren	bullet	24.00	76.00	-3.89	0.54	3.77	14.53	15.96
479520	damage	bot-373	bravo	bot-372	alpha	cz_805_bren	bullet	24.00	52.00	-3.41	0.70	3.34	15.73	16.47
479946	damage	bot-373	bravo	bot-372	alpha	cz_805_bren	bullet	24.00	28.00	-3.41	0.70	2.83	16.15	16.66
480387	damage	bot-370	alpha	bot-373	bravo	cz_805_bren	bullet	24.00	76.00	-16.83	3.52	-3.36	0.74	13.75
481700	damage	bot-370	alpha	bot-373	bravo	cz_805_bren	bullet	24.00	52.00	-18.87	2.08	-4.20	-0.81	14.95
488326	damage	bot-366	alpha	bot-376	bravo	five_seven	bullet	20.00	80.00	-24.31	-21.95	-11.64	-4.95	21.20
488809	damage	bot-366	alpha	bot-376	bravo	five_seven	bullet	20.00	60.00	-24.31	-21.95	-11.73	-5.04	21.08
493475	damage	bot-376	bravo	bot-377	alpha	five_seven	bullet	20.00	80.00	-6.19	-2.46	-4.59	7.57	10.16
493750	damage	bot-376	bravo	bot-377	alpha	five_seven	bullet	20.00	60.00	-5.90	-2.39	-4.66	7.31	9.78
494935	damage	bot-376	bravo	bot-377	alpha	five_seven	bullet	20.00	40.00	-5.58	-2.05	-6.63	9.23	11.33
495103	damage	bot-376	bravo	bot-377	alpha	five_seven	bullet	20.00	20.00	-5.63	-1.78	-7.18	9.75	11.63
495213	damage	bot-377	alpha	bot-376	bravo	cz_805_bren	bullet	24.00	36.00	-6.97	10.17	-5.41	-1.55	11.83
495265	kill	bot-376	bravo	bot-377	alpha	five_seven	bullet	20.00	0.00	-5.41	-1.55	-6.86	10.40	12.04
496210	damage	bot-367	alpha	bot-371	bravo	five_seven	bullet	20.00	80.00	21.90	12.28	13.85	20.46	11.48
496408	damage	bot-367	alpha	bot-371	bravo	five_seven	bullet	20.00	60.00	21.90	12.29	13.86	20.47	11.47
496583	damage	bot-367	alpha	bot-371	bravo	five_seven	bullet	20.00	40.00	21.90	12.29	13.76	20.64	11.66
496583	damage	bot-370	alpha	bot-376	bravo	cz_805_bren	bullet	24.00	12.00	-24.64	-2.43	-2.37	1.14	22.55
496721	kill	bot-370	alpha	bot-376	bravo	cz_805_bren	bullet	24.00	0.00	-24.64	-2.43	-2.25	1.29	22.69
496721	damage	bot-371	bravo	bot-367	alpha	cz_805_bren	bullet	24.00	48.40	13.72	20.69	21.90	12.29	11.72
498303	damage	bot-373	bravo	bot-369	alpha	cz_805_bren	bullet	24.00	48.50	1.32	1.93	4.65	-25.31	27.44
498411	damage	bot-379	bravo	bot-378	alpha	five_seven	bullet	20.00	80.00	-6.64	-30.22	3.16	-18.98	14.91
498452	damage	bot-373	bravo	bot-369	alpha	cz_805_bren	bullet	24.00	24.50	1.37	1.89	4.80	-25.45	27.55
498579	damage	bot-373	bravo	bot-369	alpha	cz_805_bren	bullet	24.00	0.50	1.38	1.88	4.93	-25.56	27.67
498579	damage	bot-379	bravo	bot-378	alpha	five_seven	bullet	20.00	60.00	-6.64	-30.22	3.17	-18.76	15.08
498718	kill	bot-373	bravo	bot-369	alpha	cz_805_bren	bullet	24.00	0.00	1.38	1.88	5.39	-25.99	28.16
498749	damage	bot-379	bravo	bot-378	alpha	five_seven	bullet	20.00	40.00	-6.64	-30.22	3.63	-18.29	15.74
499542	damage	bot-373	bravo	bot-372	alpha	cz_805_bren	bullet	24.00	21.95	2.36	0.28	5.43	14.24	14.29
499971	damage	bot-368	bravo	bot-356	alpha	m1911	bullet	33.00	63.24	8.03	27.59	5.82	31.12	4.17
500090	damage	bot-373	bravo	bot-372	alpha	cz_805_bren	bullet	24.00	7.78	2.01	-0.00	5.43	14.24	14.65
500211	kill	bot-373	bravo	bot-372	alpha	cz_805_bren	bullet	24.00	0.00	2.01	-0.00	5.43	14.24	14.65
500517	damage	bot-356	alpha	bot-371	bravo	m1911	bullet	33.00	7.00	6.08	32.41	5.39	29.85	2.65
698099	kill	bot-356	alpha	bot-371	bravo	m1911	bullet	33.00	0.00	6.08	32.49	5.39	29.85	2.73
700585	damage	bot-295	bravo	bot-375	alpha	five_seven	bullet	20.00	55.12	25.98	-5.40	-11.01	-9.44	37.20
700727	damage	bot-295	bravo	bot-375	alpha	five_seven	bullet	20.00	35.12	25.98	-5.40	-11.01	-9.44	37.20
700868	damage	bot-295	bravo	bot-375	alpha	five_seven	bullet	20.00	15.12	25.98	-5.40	-11.01	-9.44	37.20
701031	kill	bot-295	bravo	bot-375	alpha	five_seven	bullet	20.00	0.00	25.98	-5.40	-11.01	-9.44	37.20
701110	damage	bot-361	alpha	bot-379	bravo	m24	bullet	95.00	5.00	-16.73	-11.86	0.98	-29.52	25.01
702903	damage	bot-368	bravo	bot-356	alpha	m1911	bullet	33.00	30.24	9.31	25.21	3.25	33.25	10.07
704416	damage	bot-295	bravo	bot-378	alpha	five_seven	bullet	20.00	52.35	25.92	-7.26	7.04	-9.32	18.99
704612	damage	bot-295	bravo	bot-378	alpha	five_seven	bullet	20.00	32.35	25.92	-7.26	6.87	-9.43	19.17
704612	damage	bot-366	alpha	bot-382	bravo	five_seven	bullet	20.00	80.00	-14.47	-4.93	-6.39	24.63	30.64
704930	damage	bot-295	bravo	bot-378	alpha	five_seven	bullet	20.00	12.35	25.92	-7.26	6.51	-9.72	19.57
704930	damage	bot-366	alpha	bot-382	bravo	five_seven	bullet	20.00	60.00	-14.47	-4.93	-6.16	24.72	30.79
705094	kill	bot-295	bravo	bot-378	alpha	five_seven	bullet	20.00	0.00	25.92	-7.26	6.32	-9.85	19.77
705276	damage	bot-366	alpha	bot-382	bravo	five_seven	bullet	20.00	40.00	-14.47	-4.93	-5.72	24.91	31.09
707067	damage	bot-382	bravo	bot-356	alpha	cz_805_bren	bullet	24.00	20.23	-3.45	25.79	3.26	33.99	10.59
707514	damage	bot-382	bravo	bot-356	alpha	cz_805_bren	bullet	24.00	2.11	-1.80	27.03	3.26	33.99	8.60
707667	kill	bot-382	bravo	bot-356	alpha	cz_805_bren	bullet	24.00	0.00	-1.41	27.38	3.17	34.12	8.15
708214	damage	bot-366	alpha	bot-313	bravo	five_seven	bullet	20.00	52.34	-13.73	-3.92	2.56	3.55	17.92
708376	damage	bot-366	alpha	bot-313	bravo	five_seven	bullet	20.00	32.34	-13.73	-3.92	2.64	3.64	18.03
708518	damage	bot-366	alpha	bot-313	bravo	five_seven	bullet	20.00	12.34	-13.73	-3.92	2.82	3.90	18.30
708666	kill	bot-366	alpha	bot-313	bravo	five_seven	bullet	20.00	0.00	-13.73	-3.92	3.03	4.31	18.67
708700	damage	bot-373	bravo	bot-383	alpha	cz_805_bren	bullet	24.00	76.00	3.38	-1.93	-11.21	0.48	14.79
708833	damage	bot-373	bravo	bot-383	alpha	cz_805_bren	bullet	24.00	52.00	3.32	-1.96	-11.49	-0.04	14.93
708944	damage	bot-373	bravo	bot-383	alpha	cz_805_bren	bullet	24.00	28.00	3.31	-1.96	-11.76	-0.47	15.15
709056	damage	bot-373	bravo	bot-383	alpha	cz_805_bren	bullet	24.00	4.00	3.31	-1.96	-11.96	-0.94	15.31
709472	kill	bot-373	bravo	bot-383	alpha	cz_805_bren	bullet	24.00	0.00	3.37	-2.58	-13.20	-2.10	16.57
710481	kill	bot-366	alpha	bot-379	bravo	five_seven	bullet	20.00	0.00	-13.19	-3.07	5.20	-34.33	36.26
27505842	damage	bot-385	bravo	bot-370	alpha	cz_805_bren	bullet	24.00	44.04	-29.51	-4.25	-16.15	-3.09	13.40
27505974	damage	bot-385	bravo	bot-370	alpha	cz_805_bren	bullet	24.00	20.04	-29.51	-4.25	-16.04	-3.75	13.47
27506100	kill	bot-385	bravo	bot-370	alpha	cz_805_bren	bullet	24.00	0.00	-29.50	-4.25	-15.93	-4.38	13.57
27506274	damage	bot-385	bravo	bot-366	alpha	cz_805_bren	bullet	24.00	76.00	-29.50	-4.25	-14.56	-3.47	14.96
27506356	damage	bot-366	alpha	bot-385	bravo	five_seven	bullet	20.00	80.00	-14.56	-3.47	-29.50	-4.25	14.96
27506400	damage	bot-385	bravo	bot-366	alpha	cz_805_bren	bullet	24.00	52.00	-29.50	-4.25	-14.56	-3.47	14.96
27506426	damage	bot-295	bravo	bot-381	alpha	five_seven	bullet	20.00	80.00	30.98	-0.19	24.98	-10.20	11.67
27506520	damage	bot-366	alpha	bot-385	bravo	five_seven	bullet	20.00	60.00	-14.46	-3.56	-29.50	-4.25	15.06
27506520	damage	bot-385	bravo	bot-366	alpha	cz_805_bren	bullet	24.00	28.00	-29.50	-4.25	-14.43	-3.59	15.09
27506591	damage	bot-295	bravo	bot-381	alpha	five_seven	bullet	20.00	60.00	30.98	-0.19	25.21	-9.90	11.30
27506633	damage	bot-385	bravo	bot-366	alpha	cz_805_bren	bullet	24.00	4.00	-29.69	-4.28	-14.30	-3.70	15.40
27506826	damage	bot-366	alpha	bot-385	bravo	five_seven	bullet	20.00	40.00	-13.63	-4.25	-30.22	-4.38	16.58
27506968	damage	bot-366	alpha	bot-385	bravo	five_seven	bullet	20.00	20.00	-13.10	-4.70	-30.90	-4.50	17.80
27507053	damage	bot-295	bravo	bot-381	alpha	five_seven	bullet	20.00	40.00	30.98	-0.19	26.47	-11.94	12.59
27507119	kill	bot-366	alpha	bot-385	bravo	five_seven	bullet	20.00	0.00	-12.49	-5.22	-31.66	-4.64	19.18
27507347	damage	bot-295	bravo	bot-381	alpha	five_seven	bullet	20.00	20.00	30.98	-0.19	27.15	-13.01	13.38
27507495	kill	bot-295	bravo	bot-381	alpha	five_seven	bullet	20.00	0.00	30.98	-0.19	27.50	-13.56	13.82
27509274	damage	bot-295	bravo	bot-363	alpha	five_seven	bullet	20.00	80.00	28.69	-2.75	18.46	-2.99	10.23
27509424	damage	bot-295	bravo	bot-363	alpha	five_seven	bullet	20.00	60.00	28.69	-2.75	18.44	-2.99	10.25
27509580	damage	bot-295	bravo	bot-363	alpha	five_seven	bullet	20.00	40.00	28.69	-2.75	18.20	-3.01	10.50
27509741	damage	bot-295	bravo	bot-363	alpha	five_seven	bullet	20.00	20.00	28.69	-2.75	17.65	-3.04	11.05
27509898	kill	bot-295	bravo	bot-363	alpha	five_seven	bullet	20.00	0.00	28.69	-2.75	16.78	-3.07	11.92
27510321	damage	bot-373	bravo	bot-374	alpha	cz_805_bren	bullet	24.00	76.00	-5.21	-2.01	-4.33	21.15	23.18
27510757	damage	bot-382	bravo	bot-374	alpha	cz_805_bren	bullet	24.00	52.00	-1.54	27.20	-3.92	22.47	5.29
27510887	damage	bot-382	bravo	bot-374	alpha	cz_805_bren	bullet	24.00	28.00	-1.54	27.20	-4.14	22.07	5.76
27510996	damage	bot-295	bravo	bot-367	alpha	five_seven	bullet	20.00	52.68	27.11	-3.23	24.63	15.54	18.93
27511157	damage	bot-295	bravo	bot-367	alpha	five_seven	bullet	20.00	32.68	27.11	-3.23	24.19	16.05	19.51
27512344	damage	bot-295	bravo	bot-367	alpha	five_seven	bullet	20.00	12.68	27.61	-2.89	20.44	20.53	24.50
27512493	kill	bot-295	bravo	bot-367	alpha	five_seven	bullet	20.00	0.00	27.61	-2.89	20.44	20.53	24.50
27514207	damage	bot-295	bravo	bot-386	alpha	five_seven	bullet	20.00	80.00	24.79	-3.88	24.44	-19.02	15.14
27514358	damage	bot-295	bravo	bot-386	alpha	five_seven	bullet	20.00	60.00	24.79	-3.88	24.44	-19.02	15.14
27515729	damage	bot-295	bravo	bot-388	alpha	five_seven	bullet	20.00	80.00	24.78	-5.60	23.91	-16.02	10.46
27515879	damage	bot-295	bravo	bot-388	alpha	five_seven	bullet	20.00	60.00	24.78	-5.60	24.49	-16.28	10.68
27516041	damage	bot-295	bravo	bot-388	alpha	five_seven	bullet	20.00	40.00	24.78	-5.60	24.56	-17.06	11.46
27516190	damage	bot-295	bravo	bot-388	alpha	five_seven	bullet	20.00	20.00	24.78	-5.60	24.63	-17.87	12.27
27516340	kill	bot-295	bravo	bot-388	alpha	five_seven	bullet	20.00	0.00	24.78	-5.60	24.70	-18.64	13.04
27516584	damage	bot-387	bravo	bot-366	alpha	five_seven	bullet	20.00	52.11	9.14	8.85	-18.63	-5.67	31.34
27516747	damage	bot-387	bravo	bot-366	alpha	five_seven	bullet	20.00	32.11	9.14	8.85	-18.29	-6.39	31.39
27517957	damage	bot-295	bravo	bot-374	alpha	five_seven	bullet	20.00	52.03	24.05	-5.39	-5.06	14.27	35.13
27518102	damage	bot-295	bravo	bot-374	alpha	five_seven	bullet	20.00	32.03	24.05	-5.39	-5.50	14.69	35.73
27518275	damage	bot-295	bravo	bot-374	alpha	five_seven	bullet	20.00	12.03	24.05	-5.39	-6.00	15.18	36.42
27518440	kill	bot-295	bravo	bot-374	alpha	five_seven	bullet	20.00	0.00	24.05	-5.39	-6.60	15.74	37.22
27518733	damage	bot-384	alpha	bot-389	bravo	five_seven	bullet	20.00	80.00	7.66	-29.17	-9.98	-28.64	17.65
27518886	damage	bot-384	alpha	bot-389	bravo	five_seven	bullet	20.00	60.00	7.66	-29.17	-10.56	-28.24	18.25
27519015	damage	bot-387	bravo	bot-380	alpha	five_seven	bullet	20.00	80.00	5.65	7.47	-17.88	9.38	23.61
27519040	damage	bot-384	alpha	bot-389	bravo	five_seven	bullet	20.00	40.00	7.66	-29.17	-11.15	-27.73	18.86
27519174	damage	bot-387	bravo	bot-380	alpha	five_seven	bullet	20.00	60.00	5.65	7.47	-17.95	9.33	23.67
27519193	damage	bot-384	alpha	bot-389	bravo	five_seven	bullet	20.00	20.00	7.66	-29.17	-11.73	-27.22	19.49
27519338	kill	bot-384	alpha	bot-389	bravo	five_seven	bullet	20.00	0.00	7.66	-29.17	-12.17	-26.83	19.97
27519338	damage	bot-387	bravo	bot-380	alpha	five_seven	bullet	20.00	40.00	5.65	7.47	-18.17	9.22	23.89
27519493	damage	bot-387	bravo	bot-380	alpha	five_seven	bullet	20.00	20.00	5.65	7.47	-18.91	9.24	24.63
27519635	kill	bot-387	bravo	bot-380	alpha	five_seven	bullet	20.00	0.00	5.65	7.47	-18.91	9.24	24.63
27520057	damage	bot-387	bravo	bot-361	alpha	five_seven	bullet	20.00	52.81	5.66	7.47	-11.60	-2.83	20.09
27520201	damage	bot-387	bravo	bot-361	alpha	five_seven	bullet	20.00	32.81	5.66	7.46	-12.31	-2.79	20.69
27520344	damage	bot-387	bravo	bot-361	alpha	five_seven	bullet	20.00	12.81	5.66	7.46	-12.94	-2.76	21.23
27520507	kill	bot-387	bravo	bot-361	alpha	five_seven	bullet	20.00	0.00	5.66	7.46	-12.99	-3.59	21.68
27520607	damage	bot-390	alpha	bot-382	bravo	cz_805_bren	bullet	24.00	48.03	-3.40	17.61	-3.09	25.76	8.16
27520729	damage	bot-390	alpha	bot-382	bravo	cz_805_bren	bullet	24.00	24.03	-3.40	17.61	-2.48	26.12	8.55
27522473	damage	bot-387	bravo	bot-384	alpha	five_seven	bullet	20.00	80.00	2.98	6.36	0.59	-30.69	37.13
27522626	damage	bot-387	bravo	bot-384	alpha	five_seven	bullet	20.00	60.00	2.98	6.36	0.59	-30.69	37.13
27522788	damage	bot-387	bravo	bot-384	alpha	five_seven	bullet	20.00	40.00	2.98	6.36	0.79	-30.87	37.30
27522935	damage	bot-387	bravo	bot-384	alpha	five_seven	bullet	20.00	20.00	2.98	6.36	1.14	-31.19	37.60
27523096	kill	bot-387	bravo	bot-384	alpha	five_seven	bullet	20.00	0.00	2.98	6.36	1.60	-31.61	38.00
27525047	damage	bot-390	alpha	bot-391	bravo	cz_805_bren	bullet	24.00	76.00	-0.85	16.28	-32.49	-6.48	38.97
27527687	damage	bot-392	alpha	bot-373	bravo	five_seven	bullet	20.00	52.70	25.43	-4.15	-3.94	-1.61	29.48
27530654	damage	bot-395	bravo	bot-392	alpha	five_seven	bullet	20.00	80.00	1.91	-9.29	22.57	-3.82	21.37
27530775	damage	bot-392	alpha	bot-395	bravo	five_seven	bullet	20.00	80.00	22.57	-3.82	1.91	-9.29	21.37
27530796	damage	bot-395	bravo	bot-392	alpha	five_seven	bullet	20.00	60.00	1.91	-9.29	22.57	-3.82	21.37
27530918	damage	bot-392	alpha	bot-395	bravo	five_seven	bullet	20.00	60.00	22.72	-3.82	1.91	-9.29	21.52
27530938	damage	bot-395	bravo	bot-392	alpha	five_seven	bullet	20.00	40.00	1.90	-9.32	22.78	-3.82	21.59
27531078	damage	bot-395	bravo	bot-392	alpha	five_seven	bullet	20.00	20.00	1.85	-9.59	23.13	-3.84	22.04
27531240	damage	bot-392	alpha	bot-395	bravo	five_seven	bullet	20.00	40.00	23.67	-3.83	1.71	-10.13	22.84
27532166	kill	bot-368	bravo	bot-366	alpha	m24	bullet	95.00	0.00	-5.93	12.91	-22.94	-21.30	38.20
27533664	damage	bot-295	bravo	bot-394	alpha	five_seven	bullet	20.00	80.00	-5.91	-2.14	-24.07	10.48	22.12
27533823	damage	bot-295	bravo	bot-394	alpha	five_seven	bullet	20.00	60.00	-5.91	-2.14	-23.80	10.25	21.76
27533967	damage	bot-295	bravo	bot-394	alpha	five_seven	bullet	20.00	40.00	-5.91	-2.14	-24.15	10.82	22.38
27535752	damage	bot-387	bravo	bot-392	alpha	five_seven	bullet	20.00	36.06	4.43	-2.66	31.49	-7.57	27.50
27536355	damage	bot-387	bravo	bot-392	alpha	five_seven	bullet	20.00	26.79	4.48	-2.65	31.49	-7.57	27.45
27536910	damage	bot-387	bravo	bot-392	alpha	five_seven	bullet	20.00	16.89	4.57	-2.68	31.48	-7.57	27.36
27537486	damage	bot-387	bravo	bot-392	alpha	five_seven	bullet	20.00	7.42	4.61	-2.65	31.48	-7.57	27.32
27538035	kill	bot-387	bravo	bot-392	alpha	five_seven	bullet	20.00	0.00	4.65	-2.65	31.48	-7.58	27.28
27539392	damage	bot-387	bravo	bot-358	alpha	five_seven	bullet	20.00	52.48	4.78	-1.41	-5.57	21.85	25.46
27539536	damage	bot-387	bravo	bot-358	alpha	five_seven	bullet	20.00	32.48	4.78	-1.41	-5.52	22.39	25.94
27543419	damage	bot-387	bravo	bot-394	alpha	five_seven	bullet	20.00	52.34	2.70	3.76	-17.05	17.19	23.89
27544014	damage	bot-387	bravo	bot-394	alpha	five_seven	bullet	20.00	32.34	2.65	3.82	-17.61	18.50	25.02
27544594	damage	bot-387	bravo	bot-394	alpha	five_seven	bullet	20.00	12.34	2.63	3.86	-19.50	20.56	27.73
27545191	kill	bot-387	bravo	bot-394	alpha	five_seven	bullet	20.00	0.00	2.57	3.92	-21.90	21.75	30.28
27546836	damage	bot-399	alpha	bot-400	bravo	five_seven	bullet	20.00	80.00	25.71	14.94	-2.86	4.61	30.39
27547329	damage	bot-387	bravo	bot-399	alpha	five_seven	bullet	20.00	80.00	1.30	9.01	25.53	14.88	24.94
27547477	damage	bot-387	bravo	bot-399	alpha	five_seven	bullet	20.00	60.00	1.30	9.00	25.51	14.79	24.89
27547781	damage	bot-387	bravo	bot-399	alpha	five_seven	bullet	20.00	40.00	1.30	9.00	25.67	14.56	25.00
27547781	damage	bot-399	alpha	bot-398	bravo	five_seven	bullet	20.00	80.00	25.67	14.56	6.49	9.56	19.82
27547949	damage	bot-387	bravo	bot-399	alpha	five_seven	bullet	20.00	20.00	1.29	9.00	26.04	14.07	25.26
27548074	kill	bot-386	alpha	bot-400	bravo	m24	bullet	95.00	0.00	23.88	-14.32	-3.41	2.46	32.04
27548260	kill	bot-387	bravo	bot-399	alpha	five_seven	bullet	20.00	0.00	1.29	8.98	27.72	13.95	26.89
27550802	damage	bot-397	alpha	bot-402	bravo	cz_805_bren	bullet	24.00	76.00	-2.77	18.68	-25.74	-23.25	47.81
27550917	damage	bot-358	alpha	bot-373	bravo	cz_805_bren	bullet	24.00	48.00	-4.54	15.32	0.75	2.33	14.02
27550917	damage	bot-397	alpha	bot-402	bravo	cz_805_bren	bullet	24.00	52.00	-2.77	18.68	-25.74	-23.25	47.81
27551053	kill	bot-358	alpha	bot-373	bravo	cz_805_bren	bullet	24.00	0.00	-4.56	15.29	0.80	2.18	14.17
27551053	damage	bot-397	alpha	bot-402	bravo	cz_805_bren	bullet	24.00	28.00	-2.77	18.68	-25.89	-23.37	47.99
27551297	damage	bot-397	alpha	bot-402	bravo	cz_805_bren	bullet	24.00	4.00	-2.77	18.68	-26.51	-23.92	48.78
27551428	kill	bot-358	alpha	bot-402	bravo	cz_805_bren	bullet	24.00	0.00	-4.56	15.29	-26.91	-24.27	45.44
27552740	damage	bot-387	bravo	bot-358	alpha	five_seven	bullet	20.00	52.06	2.25	9.75	-6.27	13.02	9.13
27552886	damage	bot-387	bravo	bot-358	alpha	five_seven	bullet	20.00	32.06	2.25	9.75	-6.35	13.75	9.49
27556182	damage	bot-401	alpha	bot-387	bravo	m24	bullet	95.00	5.00	-30.21	23.92	1.76	10.18	34.79
27557493	damage	bot-387	bravo	bot-403	alpha	five_seven	bullet	20.00	80.00	6.60	10.19	-4.47	-2.03	16.48
27557648	damage	bot-387	bravo	bot-403	alpha	five_seven	bullet	20.00	60.00	6.60	10.16	-4.75	-2.18	16.77
27559336	damage	bot-404	bravo	bot-397	alpha	five_seven	bullet	20.00	80.00	-22.01	14.58	-3.38	15.61	18.66
27559499	damage	bot-404	bravo	bot-397	alpha	five_seven	bullet	20.00	60.00	-22.01	14.58	-3.32	15.61	18.71
27559985	damage	bot-404	bravo	bot-397	alpha	five_seven	bullet	20.00	40.00	-21.92	14.62	-3.01	15.18	18.92
27560142	damage	bot-404	bravo	bot-397	alpha	five_seven	bullet	20.00	20.00	-21.92	14.62	-2.83	15.10	19.10
27560516	kill	bot-404	bravo	bot-397	alpha	five_seven	bullet	20.00	0.00	-21.87	14.67	-2.55	14.78	19.32
27560728	damage	bot-358	alpha	bot-406	bravo	cz_805_bren	bullet	24.00	76.00	-9.71	11.82	0.74	4.13	12.98
27560839	damage	bot-358	alpha	bot-406	bravo	cz_805_bren	bullet	24.00	52.00	-9.71	11.82	0.73	3.96	13.07
27560967	damage	bot-358	alpha	bot-406	bravo	cz_805_bren	bullet	24.00	28.00	-9.71	11.82	0.82	3.40	13.49
27561104	damage	bot-358	alpha	bot-406	bravo	cz_805_bren	bullet	24.00	4.00	-9.71	11.82	0.92	2.78	13.96
27562349	damage	bot-406	bravo	bot-403	alpha	m1911	bullet	33.00	39.08	2.23	-1.46	-4.92	-3.70	7.49
27564040	damage	bot-404	bravo	bot-405	alpha	five_seven	bullet	20.00	80.00	-15.51	17.15	-19.08	26.28	9.80
27564189	damage	bot-404	bravo	bot-405	alpha	five_seven	bullet	20.00	60.00	-15.51	17.15	-19.44	26.89	10.50
27564390	damage	bot-401	alpha	bot-404	bravo	five_seven	bullet	20.00	80.00	-26.54	23.09	-15.51	17.15	12.53
27564551	damage	bot-401	alpha	bot-404	bravo	five_seven	bullet	20.00	60.00	-26.54	23.09	-15.51	17.15	12.53
27564700	damage	bot-401	alpha	bot-404	bravo	five_seven	bullet	20.00	40.00	-26.54	23.09	-15.31	16.95	12.79
27564859	damage	bot-401	alpha	bot-404	bravo	five_seven	bullet	20.00	20.00	-26.54	23.09	-14.95	16.58	13.30
27565005	kill	bot-401	alpha	bot-404	bravo	five_seven	bullet	20.00	0.00	-26.54	23.09	-14.41	16.03	14.03
27565698	damage	bot-398	bravo	bot-403	alpha	m1911	bullet	33.00	39.05	4.42	8.10	-6.21	-4.89	16.78
27566225	damage	bot-398	bravo	bot-403	alpha	m1911	bullet	33.00	6.05	4.41	7.99	-5.77	-2.93	14.93
27566593	kill	bot-398	bravo	bot-403	alpha	m1911	bullet	33.00	0.00	4.42	7.99	-5.96	-2.57	14.81
27568018	damage	bot-358	alpha	bot-398	bravo	cz_805_bren	bullet	24.00	48.38	-4.69	12.51	4.10	8.65	9.60
27568955	damage	bot-407	alpha	bot-398	bravo	five_seven	bullet	20.00	28.38	14.21	18.85	6.07	5.53	15.61
27569113	damage	bot-407	alpha	bot-398	bravo	five_seven	bullet	20.00	8.38	14.21	18.85	6.09	5.54	15.60
27569266	kill	bot-407	alpha	bot-398	bravo	five_seven	bullet	20.00	0.00	14.21	18.85	6.11	5.54	15.58
27571643	damage	bot-406	bravo	bot-396	alpha	m1911	bullet	33.00	47.17	0.40	0.43	7.25	-3.60	7.95
27571910	damage	bot-396	alpha	bot-406	bravo	cz_805_bren	bullet	24.00	5.91	7.83	-4.60	0.40	0.43	8.98
27574613	damage	bot-358	alpha	bot-408	bravo	cz_805_bren	bullet	24.00	76.00	-1.74	9.52	2.16	-31.14	40.84
27574735	damage	bot-358	alpha	bot-408	bravo	cz_805_bren	bullet	24.00	52.00	-1.74	9.52	1.94	-30.86	40.54
27574861	damage	bot-358	alpha	bot-408	bravo	cz_805_bren	bullet	24.00	28.00	-1.74	9.52	2.04	-31.06	40.75
27574982	damage	bot-358	alpha	bot-408	bravo	cz_805_bren	bullet	24.00	4.00	-1.74	9.52	2.40	-31.29	41.02
27575780	damage	bot-412	bravo	bot-396	alpha	five_seven	bullet	20.00	52.35	8.66	-17.94	11.92	-7.92	10.54
27575927	damage	bot-412	bravo	bot-396	alpha	five_seven	bullet	20.00	32.35	8.54	-17.75	12.40	-7.64	10.83
27575981	damage	bot-358	alpha	bot-412	bravo	cz_805_bren	bullet	24.00	76.00	-1.58	9.39	8.52	-17.72	28.93
27576077	damage	bot-407	alpha	bot-406	bravo	five_seven	bullet	20.00	52.17	7.52	8.58	-0.83	-0.49	12.32
27576077	damage	bot-412	bravo	bot-396	alpha	five_seven	bullet	20.00	12.35	8.50	-17.67	12.77	-7.37	11.15
27576134	damage	bot-358	alpha	bot-412	bravo	cz_805_bren	bullet	24.00	52.00	-1.58	9.39	8.48	-17.61	28.81
27576237	kill	bot-412	bravo	bot-396	alpha	five_seven	bullet	20.00	0.00	8.49	-17.44	13.06	-7.25	11.17
27576274	damage	bot-358	alpha	bot-412	bravo	cz_805_bren	bullet	24.00	28.00	-1.58	9.39	8.45	-17.38	28.59
27576417	damage	bot-358	alpha	bot-412	bravo	cz_805_bren	bullet	24.00	4.00	-1.58	9.39	8.37	-17.37	28.55
27576564	kill	bot-358	alpha	bot-412	bravo	cz_805_bren	bullet	24.00	0.00	-1.58	9.39	8.38	-17.40	28.58
27579429	damage	bot-407	alpha	bot-406	bravo	five_seven	bullet	20.00	52.70	5.16	5.93	3.47	-3.09	9.17
27579603	damage	bot-407	alpha	bot-406	bravo	five_seven	bullet	20.00	32.70	5.16	5.93	3.52	-3.01	9.09
27579752	damage	bot-407	alpha	bot-406	bravo	five_seven	bullet	20.00	12.70	5.16	5.93	3.54	-2.99	9.06
27579869	damage	bot-406	bravo	bot-407	alpha	m1911	bullet	33.00	67.00	3.54	-2.99	5.16	5.93	9.06
27579921	kill	bot-358	alpha	bot-406	bravo	cz_805_bren	bullet	24.00	0.00	-0.14	9.49	3.54	-2.97	12.99
27581598	damage	bot-414	bravo	bot-411	alpha	m1911	bullet	33.00	67.00	-25.09	-30.21	-19.67	-30.01	5.42
27581714	damage	bot-411	alpha	bot-414	bravo	cz_805_bren	bullet	24.00	76.00	-19.67	-30.01	-25.09	-30.21	5.42
27581839	damage	bot-411	alpha	bot-414	bravo	cz_805_bren	bullet	24.00	52.00	-19.67	-29.99	-25.09	-30.21	5.42
27581950	damage	bot-411	alpha	bot-414	bravo	cz_805_bren	bullet	24.00	28.00	-19.67	-29.99	-25.52	-30.56	5.88
27581950	damage	bot-414	bravo	bot-411	alpha	m1911	bullet	33.00	34.00	-25.52	-30.56	-19.67	-29.99	5.88
27832619	damage	bot-414	bravo	bot-411	alpha	m1911	bullet	33.00	1.00	-26.09	-31.05	-19.31	-29.36	6.98
27832655	damage	bot-411	alpha	bot-414	bravo	cz_805_bren	bullet	24.00	4.00	-19.31	-29.36	-26.21	-31.15	7.12
27832768	kill	bot-411	alpha	bot-414	bravo	cz_805_bren	bullet	24.00	0.00	-19.04	-28.87	-26.67	-31.56	8.09
27834972	damage	bot-358	alpha	bot-410	bravo	cz_805_bren	bullet	24.00	76.00	8.51	11.50	32.40	14.71	24.10
27835082	damage	bot-358	alpha	bot-410	bravo	cz_805_bren	bullet	24.00	52.00	8.51	11.50	32.35	14.87	24.07
27835201	damage	bot-358	alpha	bot-410	bravo	cz_805_bren	bullet	24.00	28.00	8.51	11.50	32.43	15.04	24.18
27835328	damage	bot-358	alpha	bot-410	bravo	cz_805_bren	bullet	24.00	4.00	8.51	11.50	32.50	15.20	24.27
27835409	kill	bot-407	alpha	bot-416	bravo	five_seven	bullet	20.00	0.00	4.62	6.86	-28.01	-4.29	34.48